datum,datum,M01AB,M01AB,M01AE,N02BA,N02BE,N05B,N05C,R03,R06,Year,Month,Hour,Weekday Name
1/1/2017,1/2/2014,3.54375,0,3.95625,1.5625,25.675,8.75,1.875,6.25,0.625,2017,1,276,Sunday
1/2/2017,1/3/2014,0.2125,8,0.6375,0.625,32,0,0.625,3.125,3.125,2017,1,276,Monday
1/3/2017,1/4/2014,6.25,2,5.83125,4.625,66.8125,8.75,0,7.03125,1.875,2017,1,276,Tuesday
1/4/2017,1/5/2014,6.804166667,4,5.970833333,6.416666667,56.76666667,10,1.25,5,2.916666667,2017,1,276,Wednesday
1/5/2017,1/6/2014,7.504166667,5,7.879166667,5.208333333,62.20833333,14.58333333,0,11.25,2.5,2017,1,276,Thursday
1/6/2017,1/7/2014,4.583333333,0,3.05,5.625,65.5625,10.83333333,0,15.41666667,2.5,2017,1,276,Friday
1/7/2017,1/8/2014,2.916666667,5.33,5.154166667,5.958333333,34.625,8.75,0,2.5,0,2017,1,276,Saturday
1/8/2017,1/9/2014,5.416666667,7,1.859583333,5.083333333,25.375,10,2.083333333,3.333333333,1.666666667,2017,1,276,Sunday
1/9/2017,1/10/2014,3.8875,5,4.057083333,2.583333333,56.125,9.166666667,0.416666667,1.666666667,2.083333333,2017,1,276,Monday
1/10/2017,1/11/2014,6.3875,5,4.73875,13.29166667,54.25,25,1.666666667,7.5,0.833333333,2017,1,276,Tuesday
1/11/2017,1/12/2014,9.308333333,2,5.501666667,9.166666667,51.04166667,20,1.25,1.666666667,2.916666667,2017,1,276,Wednesday
1/12/2017,1/13/2014,8.333333333,7.34,5.196666667,8.75,65.9375,14.16666667,1.25,4.583333333,1.666666667,2017,1,276,Thursday
1/13/2017,1/14/2014,6.804166667,6,3.891666667,9.541666667,54.41666667,19.58333333,0,3.333333333,1.333333333,2017,1,276,Friday
1/14/2017,1/15/2014,5.975,4,4.364583333,7.708333333,47.91666667,16.66666667,0.833333333,5.416666667,2.083333333,2017,1,276,Saturday
1/15/2017,1/16/2014,8.05,6,6.525,9.083333333,38.79166667,15.41666667,0,7.5,1.25,2017,1,276,Sunday
1/16/2017,1/17/2014,6.670833333,2,4.029166667,8.041666667,63.5625,12.5,0.416666667,7.083333333,2.083333333,2017,1,276,Monday
1/17/2017,1/18/2014,7.225,1,4.139166667,5.291666667,48.45833333,13.33333333,1.666666667,3.75,2.5,2017,1,276,Tuesday
1/18/2017,1/19/2014,6.741666667,4.33,4.445833333,6.5,45.95833333,16.66666667,1.25,5.833333333,0.833333333,2017,1,276,Wednesday
1/19/2017,1/20/2014,5,6,5.7,7.833333333,37.75,15.83333333,0,2.5,3.333333333,2017,1,276,Thursday
1/20/2017,1/21/2014,3.608333333,2,4.73875,4.125,37.625,23.33333333,2.916666667,12.5,2.5,2017,1,276,Friday
1/21/2017,1/22/2014,5.695833333,7,2.4,4.583333333,50.20833333,15,2.083333333,4.583333333,2.916666667,2017,1,276,Saturday
1/22/2017,1/23/2014,4.5125,4,5.0075,5.125,37.02083333,19.16666667,1.25,9.166666667,1.666666667,2017,1,276,Sunday
1/23/2017,1/24/2014,5.1375,4.67,4.505,6.291666667,41.75,15.83333333,0.833333333,2.5,1.666666667,2017,1,276,Monday
1/24/2017,1/25/2014,6.1125,6,5.770833333,10.95833333,40.08333333,11.25,0,10,2.916666667,2017,1,276,Tuesday
1/25/2017,1/26/2014,7.779166667,4.33,5.108333333,7.666666667,51.1875,18.75,2.083333333,13.75,2.291666667,2017,1,276,Wednesday
1/26/2017,1/27/2014,5.979166667,4.34,5.224583333,7.041666667,36.625,13.75,0.833333333,8.333333333,0,2017,1,276,Thursday
1/27/2017,1/28/2014,7.85,6,7.54125,5.166666667,42.60916667,21.25,2.083333333,9.583333333,1.25,2017,1,276,Friday
1/28/2017,1/29/2014,5.970833333,5.33,6.1125,2.25,32.08333333,9.166666667,0,1.666666667,1.25,2017,1,276,Saturday
1/29/2017,1/30/2014,5.141666667,3.02,7.783333333,5.333333333,54.16666667,15.83333333,2.5,9.583333333,3.333333333,2017,1,276,Sunday
1/30/2017,1/31/2014,8.058333333,1,5.61625,7,35.5175,17.08333333,4.166666667,7.083333333,4.166666667,2017,1,276,Monday
1/31/2017,2/1/2014,4.441666667,4.33,4.254583333,2.833333333,47.25,13.33333333,0.833333333,2.916666667,1.666666667,2017,1,276,Tuesday
2/1/2017,2/2/2014,7.375,7,5.188333333,6.041666667,31.625,10.83333333,0.416666667,8.333333333,2.083333333,2017,2,276,Wednesday
2/2/2017,2/3/2014,8.195833333,5,6.211666667,6.416666667,42.29166667,9.166666667,0.416666667,0.416666667,0.833333333,2017,2,276,Thursday
2/3/2017,2/4/2014,7.6375,1.33,6.255416667,9,42.90083333,15.83333333,2.5,7.083333333,0.833333333,2017,2,276,Friday
2/4/2017,2/5/2014,7.779166667,3,4.166666667,4.416666667,27.70833333,12.08333333,0.833333333,7.5,3.75,2017,2,276,Saturday
2/5/2017,2/6/2014,10.67,3.33,10.725,5,38.6,1,0,11,1.1,2017,2,276,Sunday
2/6/2017,2/7/2014,10,2.66,5,4.4,13,3,2,5,0,2017,2,276,Monday
2/7/2017,2/8/2014,3,3.33,0.33,3.5,13.8,3,0,7,2,2017,2,276,Tuesday
2/8/2017,2/9/2014,11,4,1.67,4,36,7,0,10,2,2017,2,276,Wednesday
2/9/2017,2/10/2014,3.9825,5,1.76,4,20.4,6,0,0,1,2017,2,276,Thursday
2/10/2017,2/11/2014,4.01,10,3.34,4.75,23.2,5,0,2,0,2017,2,276,Friday
2/11/2017,2/12/2014,5.33,9,6.32,5.1,12.4,11,1,1,3,2017,2,276,Saturday
2/12/2017,2/13/2014,10,4.33,10.67,7.8,27.4,4,0,2,1,2017,2,276,Sunday
2/13/2017,2/14/2014,0,4,0,0,0,0,0,0,0,2017,2,276,Monday
2/14/2017,2/15/2014,4.33,1,5,2.1,22,0,0,1,1,2017,2,276,Tuesday
2/15/2017,2/16/2014,6,0,2.67,2,19.2,1,0,1,1,2017,2,276,Wednesday
2/16/2017,2/17/2014,3.66,7.34,4.66,1,31.6,2,0,0,3,2017,2,276,Thursday
2/17/2017,2/18/2014,3,7.34,2.802,2.1,12.25,4,0,8,1.2,2017,2,276,Friday
2/18/2017,2/19/2014,7,3.33,4,2.35,30,10,0,0,3.1,2017,2,276,Saturday
2/19/2017,2/20/2014,3.34,7,3.516,2.2,13,1,0,8,1,2017,2,276,Sunday
2/20/2017,2/21/2014,5,6,3.76,4.5,33.1,2,0,1,3,2017,2,276,Monday
2/21/2017,2/22/2014,5,7,4.155,4,22.9,14,0,8,1,2017,2,276,Tuesday
2/22/2017,2/23/2014,3.67,1,2.429,7.2,21.1,9,0,5,0,2017,2,276,Wednesday
2/23/2017,2/24/2014,6.67,7,5.67,4.05,24.1,5,1,8,2,2017,2,276,Thursday
2/24/2017,2/25/2014,1,5,4.67,4,29.8,10,1,7,1,2017,2,276,Friday
2/25/2017,2/26/2014,6,5,6.34,5.25,24,6.875,0,2,0,2017,2,276,Saturday
2/26/2017,2/27/2014,5.33,3,5.33,3.2,15.7,3,0,5,1.2,2017,2,276,Sunday
2/27/2017,2/28/2014,5.67,7,3.68,7,16.4,14,0,7,2,2017,2,276,Monday
2/28/2017,3/1/2014,5.34,6.34,5.02,7.5,26.4,9,2,18,0,2017,2,276,Tuesday
3/1/2017,3/2/2014,4,3.34,4.66,5,15.1,17,0,5,2,2017,3,276,Wednesday
3/2/2017,3/3/2014,5,4,7.13,3,13,1,1,1,2,2017,3,276,Thursday
3/3/2017,3/4/2014,9,5.34,2.99,4,12.9,9,1,6,4,2017,3,276,Friday
3/4/2017,3/5/2014,5.01,3.34,3.67,3.1,17,0,0,5,4.5,2017,3,276,Saturday
3/5/2017,3/6/2014,12.33,3,4.33,5,33.9,3,0,6,5,2017,3,276,Sunday
3/6/2017,3/7/2014,6.83,4,2.33,1.1,19.6,1,0,0,3,2017,3,276,Monday
3/7/2017,3/8/2014,2.34,4.34,5.33,6.5,15,4,0,0,2,2017,3,276,Tuesday
3/8/2017,3/9/2014,1,1,2.34,0,15.2,4,0,0,3,2017,3,276,Wednesday
3/9/2017,3/10/2014,11.33,6.68,2.33,6,26.9,6,1,0,2.5,2017,3,276,Thursday
3/10/2017,3/11/2014,2,6,4.33,4.6,26.3,8,1,0,1,2017,3,276,Friday
3/11/2017,3/12/2014,6.33,6.34,4.066,6,20.1,2,1,5,3.5,2017,3,276,Saturday
3/12/2017,3/13/2014,7.68,2.31,7.01,2,48,6,4,15,2,2017,3,276,Sunday
3/13/2017,3/14/2014,2.33,4.34,0.68,2.7,17.8,2,0,10,0,2017,3,276,Monday
3/14/2017,3/15/2014,2.67,4,1.34,3,15,5,0,5,1,2017,3,276,Tuesday
3/15/2017,3/16/2014,3.66,2.68,1.703,2.5,14.6,4,0,0,0,2017,3,276,Wednesday
3/16/2017,3/17/2014,6,8.68,4.056,4.75,28.2,4,0,1,3,2017,3,276,Thursday
3/17/2017,3/18/2014,4.33,8,2.802,0,11,14,0,3,3,2017,3,276,Friday
3/18/2017,3/19/2014,5,4,4.38,4.25,20.4,3,0,1,1,2017,3,276,Saturday
3/19/2017,3/20/2014,10,3,3.693,2,39.1,3,0,5,3,2017,3,276,Sunday
3/20/2017,3/21/2014,1.66,6,6.683,4.7,16.1,3,0,7,3,2017,3,276,Monday
3/21/2017,3/22/2014,9.16,3.34,2.03,2.2,12.6,4,0,1,5.3,2017,3,276,Tuesday
3/22/2017,3/23/2014,1.66,6.34,5.023,2,16.4,7,0,2,2,2017,3,276,Wednesday
3/23/2017,3/24/2014,7.34,5.68,2.133,1,13.3,8,0,6,3.5,2017,3,276,Thursday
3/24/2017,3/25/2014,1.67,4,3,4.5,12.3,7,0,5,6.3,2017,3,276,Friday
3/25/2017,3/26/2014,10,2.34,5.49,1,33.3,3,0,0,4,2017,3,276,Saturday
3/26/2017,3/27/2014,5.34,4,5.36,3.45,18,4,0,10,8,2017,3,276,Sunday
3/27/2017,3/28/2014,4.84,2.67,3.463,3.5,14.8,5,0,1,4,2017,3,276,Monday
3/28/2017,3/29/2014,2.67,4,2.67,7,22,14,0,0,6,2017,3,276,Tuesday
3/29/2017,3/30/2014,6.34,3,1.34,4,12.9,3,0,7,4.5,2017,3,276,Wednesday
3/30/2017,3/31/2014,1.33,5.34,2.693,5,9.5,9,0,0,2,2017,3,276,Thursday
3/31/2017,4/1/2014,4,4.34,2,3.5,22.2,2,0,2,6,2017,3,276,Friday
4/1/2017,4/2/2014,2.33,2,2,2,34,2,0,1,3,2017,4,276,Saturday
4/2/2017,4/3/2014,6.67,1,4.223,4,23,4,0,9,12.4,2017,4,276,Sunday
4/3/2017,4/4/2014,6.33,3,1,5.6,25.6,8,0,20,3,2017,4,276,Monday
4/4/2017,4/5/2014,0.33,2,1.033,2.2,8,2,0,5,5.5,2017,4,276,Tuesday
4/5/2017,4/6/2014,5,2,0.231,0.2,13.6,9,2,6,1,2017,4,276,Wednesday
4/6/2017,4/7/2014,5,6.34,0.66,3.1,10.9,4,1,0,1,2017,4,276,Thursday
4/7/2017,4/8/2014,3.5,4.34,4,2,16,5,0,5,5,2017,4,276,Friday
4/8/2017,4/9/2014,7.51,6,8.759,2.05,23,3,0,11,6,2017,4,276,Saturday
4/9/2017,4/10/2014,4.99,3.33,5.34,8.25,22,3,0,0,1,2017,4,276,Sunday
4/10/2017,4/11/2014,8.66,6,1.363,1.05,27.5,1,0,4,4,2017,4,276,Monday
4/11/2017,4/12/2014,4,7.02,2.33,3,17,5,0,11,1,2017,4,276,Tuesday
4/12/2017,4/13/2014,11.99,3,3.32,3.35,11,10,2,10,4,2017,4,276,Wednesday
4/13/2017,4/14/2014,5,1.34,2.439,2,30.9,1,0,2,5,2017,4,276,Thursday
4/14/2017,4/15/2014,7.34,4.34,4.98,5,13,3,0,16,4,2017,4,276,Friday
4/15/2017,4/16/2014,11.67,2,1.472,4,27.25,1,0,15,5.2,2017,4,276,Saturday
4/16/2017,4/17/2014,0,5.34,0,0,0,0,0,0,0,2017,4,276,Sunday
4/17/2017,4/18/2014,4,7,3.99,1.9,18.4,1,0,5,1,2017,4,276,Monday
4/18/2017,4/19/2014,7.33,7.34,4.67,6.3,15.4,8,1,2,2,2017,4,276,Tuesday
4/19/2017,4/20/2014,1,0,3.406,5,14,2,0,0,1,2017,4,276,Wednesday
4/20/2017,4/21/2014,4.66,1.34,2.33,5,9.4,10,0,7,2,2017,4,276,Thursday
4/21/2017,4/22/2014,3.67,5.34,2.34,2.4,29,3,0,1.875,3,2017,4,276,Friday
4/22/2017,4/23/2014,2.64,6.34,4.66,2.8,19,7,1,1,2,2017,4,276,Saturday
4/23/2017,4/24/2014,9,2,5.416,3.6,25.5,7,0,1,5,2017,4,276,Sunday
4/24/2017,4/25/2014,9.33,3,3.81,8,13.15,9,0,1,5,2017,4,276,Monday
4/25/2017,4/26/2014,8,4.34,2.99,2.2,24,4,0,26,5,2017,4,276,Tuesday
4/26/2017,4/27/2014,3,4,4,3.5,10.2,3,0,1,8.3,2017,4,276,Wednesday
4/27/2017,4/28/2014,3.33,1.34,3.737,2.3,11,10,1,0,10,2017,4,276,Thursday
4/28/2017,4/29/2014,3.33,3.33,3.67,5.1,15.4,2,0,7,7,2017,4,276,Friday
4/29/2017,4/30/2014,5,4.34,9,2.3,15,3,1,1,8,2017,4,276,Saturday
4/30/2017,5/1/2014,1,0,4.046,2.3,18,2,0,12,2,2017,4,276,Sunday
5/1/2017,5/2/2014,0.34,7.34,1,1,1.2,0,0,0,1,2017,5,276,Monday
5/2/2017,5/3/2014,2,4,6.033,1,23,5,0,6,5,2017,5,276,Tuesday
5/3/2017,5/4/2014,1.33,1.67,3.34,6,18.2,6,0,20,2,2017,5,276,Wednesday
5/4/2017,5/5/2014,5.67,3,5.66,1,11.6,4,0,2,4.1,2017,5,276,Thursday
5/5/2017,5/6/2014,2.34,7.34,5.33,1.15,6.6,8,0,12,3,2017,5,276,Friday
5/6/2017,5/7/2014,7.33,3.33,2.363,4.4,14,4,0,0,6,2017,5,276,Saturday
5/7/2017,5/8/2014,6.33,2,3.67,4.5,18.25,3,0,4,4,2017,5,276,Sunday
5/8/2017,5/9/2014,2.33,2,3.66,1,8,8,3,1,5.6,2017,5,276,Monday
5/9/2017,5/10/2014,7.33,5,4,4.1,11,4,0,2,3,2017,5,276,Tuesday
5/10/2017,5/11/2014,8.66,2,0.397,9,15,4,0,14,7,2017,5,276,Wednesday
5/11/2017,5/12/2014,6,4.34,6.693,3,16,6,2,1,10,2017,5,276,Thursday
5/12/2017,5/13/2014,4.99,3.68,4.703,6,16.4,4,9,0,6,2017,5,276,Friday
5/13/2017,5/14/2014,5,1,2.363,6,12,4,0,1,7,2017,5,276,Saturday
5/14/2017,5/15/2014,4.67,2.34,2.076,2.85,31.5,6,0,5,2.1,2017,5,276,Sunday
5/15/2017,5/16/2014,5.34,5.34,4.703,2,17,0,3,3,7,2017,5,276,Monday
5/16/2017,5/17/2014,2.33,2.34,5.66,1.5,16.2,2,0,6,7,2017,5,276,Tuesday
5/17/2017,5/18/2014,6.34,3.34,4.84,0,9,5,0,0,2,2017,5,276,Wednesday
5/18/2017,5/19/2014,3.33,8.34,5.01,4,28.2,4,0,0,3,2017,5,276,Thursday
5/19/2017,5/20/2014,4.34,1,3.44,2.2,31.6,11,0,0,10,2017,5,276,Friday
5/20/2017,5/21/2014,3.99,2,4.713,0.25,16.4,5,0,6,6,2017,5,276,Saturday
5/21/2017,5/22/2014,6,3.68,3.043,1.25,32.2,5,0,12,4,2017,5,276,Sunday
5/22/2017,5/23/2014,5.33,5,1.34,4.4,22.4,5,0,7,11,2017,5,276,Monday
5/23/2017,5/24/2014,3,3,2.406,5,11,9,0,2,7,2017,5,276,Tuesday
5/24/2017,5/25/2014,6.68,2,3.34,3,14.2,9,0,4,4.71,2017,5,276,Wednesday
5/25/2017,5/26/2014,5.66,2.68,5.36,2,18.2,3,0,2,4.3,2017,5,276,Thursday
5/26/2017,5/27/2014,2.34,0,3.67,5,29,4,0,8,2,2017,5,276,Friday
5/27/2017,5/28/2014,7.33,1.34,3.221,2,23.4,5,0,0,10,2017,5,276,Saturday
5/28/2017,5/29/2014,1.99,4,6.243,2.45,11.19,2,0,0,3,2017,5,276,Sunday
5/29/2017,5/30/2014,3.34,3.02,4.023,1.6,28,4,2,4,5,2017,5,276,Monday
5/30/2017,5/31/2014,8,5.67,3.396,4.3,25,3,0,5,5,2017,5,276,Tuesday
5/31/2017,6/1/2014,4,1,2.429,7,12.2,6,4,1,5,2017,5,276,Wednesday
6/1/2017,6/2/2014,1.34,4,3.67,2,21.4,10,0,2,2,2017,6,276,Thursday
6/2/2017,6/3/2014,2.33,3,4,4,17.4,9,1,5,3,2017,6,276,Friday
6/3/2017,6/4/2014,5,1,1.726,3,10,3,1,22,2,2017,6,276,Saturday
6/4/2017,6/5/2014,7,0.34,1.747,2.25,23.4,3,1,5,4,2017,6,276,Sunday
6/5/2017,6/6/2014,3.33,5,5.99,4.5,9.7,5,0,0,8,2017,6,276,Monday
6/6/2017,6/7/2014,1,9,3,0,18,3,0,6,7.5,2017,6,276,Tuesday
6/7/2017,6/8/2014,5.33,1,4.693,4,21,13,0,20,7,2017,6,276,Wednesday
6/8/2017,6/9/2014,5,6.33,1.823,3.15,21,4,0,2,4.2,2017,6,276,Thursday
6/9/2017,6/10/2014,1.33,8.68,4.09,3.1,10,2,0,0,6,2017,6,276,Friday
6/10/2017,6/11/2014,9,4.34,7.01,4,15,2,0,7,3,2017,6,276,Saturday
6/11/2017,6/12/2014,5.5,4.34,3.99,8.5,28.25,8,0,2,3,2017,6,276,Sunday
6/12/2017,6/13/2014,4.34,1,3.34,1,13.6,3,0,13,12,2017,6,276,Monday
6/13/2017,6/14/2014,2.99,4,3.023,3,8,9,0,0,9.1,2017,6,276,Tuesday
6/14/2017,6/15/2014,1.33,0.34,1.33,1,9,6,3,5,3,2017,6,276,Wednesday
6/15/2017,6/16/2014,3,4.34,4.33,3.15,15,10,0,5,6.5,2017,6,276,Thursday
6/16/2017,6/17/2014,4,5,2.01,0,12.25,6,0,0,5.44,2017,6,276,Friday
6/17/2017,6/18/2014,2,2,8.726,5,12,4,0,5,5,2017,6,276,Saturday
6/18/2017,6/19/2014,4,3,7.34,1.1,26.6,2,0,12,3.33,2017,6,276,Sunday
6/19/2017,6/20/2014,1.33,7.34,1.98,1,18,1,1,8,3,2017,6,276,Monday
6/20/2017,6/21/2014,9.33,6,1,5.1,12,5,0,5,8.63,2017,6,276,Tuesday
6/21/2017,6/22/2014,4,4,1.33,2,21,4,0,2,5.4,2017,6,276,Wednesday
6/22/2017,6/23/2014,1,2.34,3.34,0,7,4,0,8,11,2017,6,276,Thursday
6/23/2017,6/24/2014,1,3,1.34,2,16,5,0,0,1.2,2017,6,276,Friday
6/24/2017,6/25/2014,5,8,3.65,6,32,8,1,0,1,2017,6,276,Saturday
6/25/2017,6/26/2014,6.5,3,2.34,6,22,4,0,0,4.6,2017,6,276,Sunday
6/26/2017,6/27/2014,7.68,4.34,3.033,6.25,10,11,0,0,3,2017,6,276,Monday
6/27/2017,6/28/2014,4,0.34,3.32,6,13.5,9,0,3,6,2017,6,276,Tuesday
6/28/2017,6/29/2014,4,0,4.033,4.5,18,7,0,5,3,2017,6,276,Wednesday
6/29/2017,6/30/2014,4,6,3.67,6,17,1,0,21,5,2017,6,276,Thursday
6/30/2017,7/1/2014,6.67,4.34,2.132,2,18,2,0,0,6,2017,6,276,Friday
7/1/2017,7/2/2014,3.33,3,2.33,1,10,5,0,10,4,2017,7,276,Saturday
7/2/2017,7/3/2014,5,2.33,3.68,2,9,6,0,0,4,2017,7,276,Sunday
7/3/2017,7/4/2014,3.67,4.34,0,1.5,8,11,0,11,0,2017,7,276,Monday
7/4/2017,7/5/2014,10.67,3.34,2.34,5,18,7,0,0,6,2017,7,276,Tuesday
7/5/2017,7/6/2014,4.5,4,1.66,2,16,20,0,22,6,2017,7,276,Wednesday
7/6/2017,7/7/2014,4.33,2,7,4,20.6,3,1,1,1,2017,7,276,Thursday
7/7/2017,7/8/2014,5,6.34,2,4.1,17,6,0,1,0,2017,7,276,Friday
7/8/2017,7/9/2014,4.99,3,4.089,5,16,12,0,1,3,2017,7,276,Saturday
7/9/2017,7/10/2014,2.33,2.33,7.16,0.5,15,4,0,1,4,2017,7,276,Sunday
7/10/2017,7/11/2014,2,2,4.353,4,12,5,2,7,3,2017,7,276,Monday
7/11/2017,7/12/2014,3.34,8.34,0.68,0,18,2,0,7,2,2017,7,276,Tuesday
7/12/2017,7/13/2014,2,2,5.34,0,15.4,12,0,3,0,2017,7,276,Wednesday
7/13/2017,7/14/2014,3.33,5,3.34,2.15,9.6,5,3,3,2,2017,7,276,Thursday
7/14/2017,7/15/2014,2.33,3.34,3.759,2,16,8,0,5,3,2017,7,276,Friday
7/15/2017,7/16/2014,3.33,4,9.34,3,21,3,0,0,2,2017,7,276,Saturday
7/16/2017,7/17/2014,11.34,2,9.34,3,19,6,0,0,1,2017,7,276,Sunday
7/17/2017,7/18/2014,9,9,4.747,3,16.4,6,2,4,3,2017,7,276,Monday
7/18/2017,7/19/2014,9.67,7.33,5.67,1.5,14,8,0,20,4,2017,7,276,Tuesday
7/19/2017,7/20/2014,6.33,3,3.66,4,20.6,6,3,1,6,2017,7,276,Wednesday
7/20/2017,7/21/2014,5,3,4,3,18,11,2,2,2,2017,7,276,Thursday
7/21/2017,7/22/2014,2.33,5,1,3,14,5,0,0,3,2017,7,276,Friday
7/22/2017,7/23/2014,3,2.67,5.69,5,22,3,1,0,2,2017,7,276,Saturday
7/23/2017,7/24/2014,6.5,5.34,2.429,2,12,4,0,4,5,2017,7,276,Sunday
7/24/2017,7/25/2014,3.84,5,1,2.1,15,6,0,0,3,2017,7,276,Monday
7/25/2017,7/26/2014,6.34,4,2.35,2,14,5,0,6,0.1,2017,7,276,Tuesday
7/26/2017,7/27/2014,3.33,3,6.779,3,15,11,1,1,1,2017,7,276,Wednesday
7/27/2017,7/28/2014,5,2,0.67,0,12.4,8,0,0,1,2017,7,276,Thursday
7/28/2017,7/29/2014,4,2.34,5,1.1,17.2,10,0,0,3,2017,7,276,Friday
7/29/2017,7/30/2014,3,0.68,3.33,2,14.15,1,0,0,4,2017,7,276,Saturday
7/30/2017,7/31/2014,4.125,3,2.66,2,13,11,0,0,1,2017,7,276,Sunday
7/31/2017,8/1/2014,7.34,2,0.81,2.25,21,9,0,5,2,2017,7,276,Monday
8/1/2017,8/2/2014,7.33,5,3.33,2,15.6,3,0,1,1,2017,8,276,Tuesday
8/2/2017,8/3/2014,6,5,2.66,1,25,2,0,1,4,2017,8,276,Wednesday
8/3/2017,8/4/2014,6.33,4,0.66,4,10,8,0,1,3,2017,8,276,Thursday
8/4/2017,8/5/2014,8,2,4,1,15,11,2,5,2,2017,8,276,Friday
8/5/2017,8/6/2014,4.66,6,2.472,2,13.312,2,0,0,2,2017,8,276,Saturday
8/6/2017,8/7/2014,2,3.34,3.429,1,13,6,0,0,3,2017,8,276,Sunday
8/7/2017,8/8/2014,1,5.02,5.34,3.1,16,9,2,0,0,2017,8,276,Monday
8/8/2017,8/9/2014,6,4,1.703,2.1,11.188,8,0,0,4.2,2017,8,276,Tuesday
8/9/2017,8/10/2014,2.33,4,5.1,3.15,13,15,0,2,2.2,2017,8,276,Wednesday
8/10/2017,8/11/2014,0,8,3.99,4,9,19,0,3,1.1,2017,8,276,Thursday
8/11/2017,8/12/2014,4.33,0,1.65,5.1,8,6,3,0,0,2017,8,276,Friday
8/12/2017,8/13/2014,2.69,1.34,4.939,2.5,22.6,4,0,6,2,2017,8,276,Saturday
8/13/2017,8/14/2014,3.66,4,3.65,2.05,24,5,0,1,1,2017,8,276,Sunday
8/14/2017,8/15/2014,11.34,4.34,2.067,4,13,4,0,0,2,2017,8,276,Monday
8/15/2017,8/16/2014,2.33,8,6.703,2.15,35,11,0,2,3,2017,8,276,Tuesday
8/16/2017,8/17/2014,5.33,0.34,3.67,1,10.45,13,0,4,2,2017,8,276,Wednesday
8/17/2017,8/18/2014,5.16,4.34,1.33,5,12,8,0,1,1.5,2017,8,276,Thursday
8/18/2017,8/19/2014,2.33,11.34,3.99,3,15,4,0,0,3,2017,8,276,Friday
8/19/2017,8/20/2014,5,5.34,4.713,3,16,10,0,11,2,2017,8,276,Saturday
8/20/2017,8/21/2014,4.33,3,2.056,6,14.4,6,0,2,1,2017,8,276,Sunday
8/21/2017,8/22/2014,9.33,6.34,3.34,2.4,19,4,0,0,0,2017,8,276,Monday
8/22/2017,8/23/2014,6,3,1.34,3.15,22.2,3,0,0,2,2017,8,276,Tuesday
8/23/2017,8/24/2014,3.33,3,2.33,2,42,8,0,9,3,2017,8,276,Wednesday
8/24/2017,8/25/2014,8,4.01,9.053,2,27,13,0,1,3,2017,8,276,Thursday
8/25/2017,8/26/2014,6,2.34,3.01,1,20.25,17,0,0,1,2017,8,276,Friday
8/26/2017,8/27/2014,4.99,3.34,3.516,1,19,10,0,6,2,2017,8,276,Saturday
8/27/2017,8/28/2014,3,2.34,5.34,1,21.3,5,2,7,1,2017,8,276,Sunday
8/28/2017,8/29/2014,8,6.34,7,5,16,12,0,1,3,2017,8,276,Monday
8/29/2017,8/30/2014,7,3.68,3.066,3.5,17,5,0,11,2.1,2017,8,276,Tuesday
8/30/2017,8/31/2014,7.67,0,3.99,3.15,17,4,3,0,2,2017,8,276,Wednesday
8/31/2017,9/1/2014,16.68,3.34,3.033,3.05,17,4,0,0,1,2017,8,276,Thursday
9/1/2017,9/2/2014,3.34,2.34,3,5,20.6,8,0,2,0,2017,9,276,Friday
9/2/2017,9/3/2014,6.34,7,2.13,6,18.4,8,0,1,3,2017,9,276,Saturday
9/3/2017,9/4/2014,6.83,5.68,5.462,2,18.4,7,0,1,3,2017,9,276,Sunday
9/4/2017,9/5/2014,6.5,4,3.33,6,24,7,0,0,3,2017,9,276,Monday
9/5/2017,9/6/2014,6.17,5.34,4.02,4,19.1,7,1,2,1.3,2017,9,276,Tuesday
9/6/2017,9/7/2014,4.33,2,3,5,32,6,0,3,3,2017,9,276,Wednesday
9/7/2017,9/8/2014,3,1,1,3.2,18,2,0,0,2,2017,9,276,Thursday
9/8/2017,9/9/2014,8.83,6.34,7.32,3.1,34,8,0,3,4,2017,9,276,Friday
9/9/2017,9/10/2014,6,4.34,8.34,2.5,20,7,0,0,4,2017,9,276,Saturday
9/10/2017,9/11/2014,3.34,0,5.35,1,35.6,7,0,0,4.2,2017,9,276,Sunday
9/11/2017,9/12/2014,2,2.68,3.373,2,12,16,0,0,2,2017,9,276,Monday
9/12/2017,9/13/2014,1,3,4.35,5.2,18.25,6,1,1,2.2,2017,9,276,Tuesday
9/13/2017,9/14/2014,4,1.34,0.66,2,25,16,0,5,0,2017,9,276,Wednesday
9/14/2017,9/15/2014,5,1.34,5.34,5,22.4,6,0,9,5,2017,9,276,Thursday
9/15/2017,9/16/2014,3,4,3,3,16,12,1,8,3,2017,9,276,Friday
9/16/2017,9/17/2014,7,2.34,3,3.45,27.3,11,0,0,1.2,2017,9,276,Saturday
9/17/2017,9/18/2014,5,3,4.34,4,32,6,1,7,5,2017,9,276,Sunday
9/18/2017,9/19/2014,9,2,4.34,1,27,7,0,1,2,2017,9,276,Monday
9/19/2017,9/20/2014,3.33,4.34,6.033,1,43.25,6,2,6,9,2017,9,276,Tuesday
9/20/2017,9/21/2014,2,1,2.363,0.1,35.45,6,0,6,0,2017,9,276,Wednesday
9/21/2017,9/22/2014,7.34,3.34,3.696,1,19.7,8,2,0,1,2017,9,276,Thursday
9/22/2017,9/23/2014,4.66,3,2.241,3,27.5,2,0,0,3,2017,9,276,Friday
9/23/2017,9/24/2014,9.99,6,6.99,3,14.45,12,2,0,2,2017,9,276,Saturday
9/24/2017,9/25/2014,3.66,4.68,4.826,2,52.4,7,1,6,1,2017,9,276,Sunday
9/25/2017,9/26/2014,1,4,2.517,1,39.2,7,3,26,1,2017,9,276,Monday
9/26/2017,9/27/2014,2,4,5.67,2.1,38.6,4,0,6,1,2017,9,276,Tuesday
9/27/2017,9/28/2014,4,0.34,2.33,3,38,7,3,3,0,2017,9,276,Wednesday
9/28/2017,9/29/2014,3.34,7,2.68,2.5,37.85,3,0,10,0,2017,9,276,Thursday
9/29/2017,9/30/2014,1,10,5,3,35.4,8,6,5,1,2017,9,276,Friday
9/30/2017,10/1/2014,5.33,2.34,3.01,3,61.9,6,0,28,0,2017,9,276,Saturday
10/1/2017,10/2/2014,4,2,5.891,3,72.1,7,1,20,1,2017,10,276,Sunday
10/2/2017,10/3/2014,8.33,4.33,2,3.15,18,3,1,0,0,2017,10,276,Monday
10/3/2017,10/4/2014,0.34,4.68,2.1,3.15,57.2,21,3,5,2,2017,10,276,Tuesday
10/4/2017,10/5/2014,2,2,4.33,4,37,6,0,2,1,2017,10,276,Wednesday
10/5/2017,10/6/2014,5.33,5.34,3.99,5,40.8,5,0,11,2,2017,10,276,Thursday
10/6/2017,10/7/2014,3.99,3,4.66,1,39.8,7,0,6,2,2017,10,276,Friday
10/7/2017,10/8/2014,4,3.68,2.023,2,35.25,4,0,10,1,2017,10,276,Saturday
10/8/2017,10/9/2014,8.67,1,3.261,5.2,77.1,2,0,15,4,2017,10,276,Sunday
10/9/2017,10/10/2014,0,4.34,0,0,0,0,0,0,0,2017,10,276,Monday
10/10/2017,10/11/2014,10,3.34,2.68,2,25,8,0,11,3,2017,10,276,Tuesday
10/11/2017,10/12/2014,3.5,3,1,4.6,39.4,2,0,6,2.5,2017,10,276,Wednesday
10/12/2017,10/13/2014,4,1.68,2.393,2.3,41,9,0,1,2,2017,10,276,Thursday
10/13/2017,10/14/2014,5.33,3,1.396,0.6,38,8,2,3,4,2017,10,276,Friday
10/14/2017,10/15/2014,4.84,1.33,3.66,4,42.2,9,1,20,0,2017,10,276,Saturday
10/15/2017,10/16/2014,6,6.775,6.68,1,37,5,0,11,2,2017,10,276,Sunday
10/16/2017,10/17/2014,2.33,3,0.67,0,45.1,9,0,2,2,2017,10,276,Monday
10/17/2017,10/18/2014,3.34,4,1.67,6,26.2,9,2,6,1,2017,10,276,Tuesday
10/18/2017,10/19/2014,5.34,3.33,1.33,1,52.85,15,0,1,1,2017,10,276,Wednesday
10/19/2017,10/20/2014,4.33,3.34,5.99,4.7,25.5,8,0,13,0,2017,10,276,Thursday
10/20/2017,10/21/2014,2.83,2.34,4.363,3,36.25,15,0,8,0,2017,10,276,Friday
10/21/2017,10/22/2014,3.33,3.33,3.769,3.3,25.2,9,3,5,4,2017,10,276,Saturday
10/22/2017,10/23/2014,8,1.34,5,5,57.8,8,0,9,2,2017,10,276,Sunday
10/23/2017,10/24/2014,3.33,3.67,1.363,2,28.6,4,0,28,1,2017,10,276,Monday
10/24/2017,10/25/2014,2,2.33,2,10,65.2,3,0,10,1,2017,10,276,Tuesday
10/25/2017,10/26/2014,6.34,3.34,3.33,5.35,26.9,4,0,1,1,2017,10,276,Wednesday
10/26/2017,10/27/2014,1.33,8.34,1.099,2,38,9,1,5,2.3,2017,10,276,Thursday
10/27/2017,10/28/2014,6.32,4,2.363,6,26,14,1,21,2,2017,10,276,Friday
10/28/2017,10/29/2014,5,5,2.33,4,24.1,11,0,7,3,2017,10,276,Saturday
10/29/2017,10/30/2014,7.66,0,2.373,1.05,36,3,0,1,2.2,2017,10,276,Sunday
10/30/2017,10/31/2014,1.5,2,3.66,2,32.8,7,0,9,1,2017,10,276,Monday
10/31/2017,11/1/2014,4.33,2.33,1.363,4,38,2,0,0,1,2017,10,276,Tuesday
11/1/2017,11/2/2014,0.67,4,3.429,2,23,5,0,3,1,2017,11,276,Wednesday
11/2/2017,11/3/2014,4,7,2.066,1.55,22.1,5,0,11,3,2017,11,276,Thursday
11/3/2017,11/4/2014,2.33,6.33,7.67,4.4,37.4,10,3,6,1,2017,11,276,Friday
11/4/2017,11/5/2014,10.34,0,7.472,6,33,5,0,1,3.2,2017,11,276,Saturday
11/5/2017,11/6/2014,6.33,6,5.799,1.1,35.45,1,0,5,2,2017,11,276,Sunday
11/6/2017,11/7/2014,8.34,6,3.2,2,20.2,11,3,8,1,2017,11,276,Monday
11/7/2017,11/8/2014,0.67,12,4,7,20,4,0,0,1.5,2017,11,276,Tuesday
11/8/2017,11/9/2014,6,3.34,1.1,2,9.2,1,0,5,1,2017,11,276,Wednesday
11/9/2017,11/10/2014,2.67,1,3.746,0,28.8,2,0,11,1,2017,11,276,Thursday
11/10/2017,11/11/2014,9.34,8,6.66,6.2,34,9,0,22,2,2017,11,276,Friday
11/11/2017,11/12/2014,8.5,3,3,4.1,32,8,0,2,0,2017,11,276,Saturday
11/12/2017,11/13/2014,5,8,3.65,6.15,40,9,0,3,2,2017,11,276,Sunday
11/13/2017,11/14/2014,9.33,5.34,2.429,4.2,44.2,5,0,5,0.2,2017,11,276,Monday
11/14/2017,11/15/2014,3,4.33,0.859,2,6.8,14,0,19,1,2017,11,276,Tuesday
11/15/2017,11/16/2014,5.33,2,2.726,7.7,17,8,3,0,1,2017,11,276,Wednesday
11/16/2017,11/17/2014,5.33,9,2,3,17.6,3,0,1,1,2017,11,276,Thursday
11/17/2017,11/18/2014,3,2.67,4.837,3,34,5,0,30,2,2017,11,276,Friday
11/18/2017,11/19/2014,5.33,1.34,8.45,2,42.5,2,0,8,1.2,2017,11,276,Saturday
11/19/2017,11/20/2014,4,4,6.88,1,29,3,0,6,2.5,2017,11,276,Sunday
11/20/2017,11/21/2014,2.34,1.34,5.34,2.4,28.8,10,0,2,0,2017,11,276,Monday
11/21/2017,11/22/2014,13.33,6,0.68,1,22.4,5,0,2,1,2017,11,276,Tuesday
11/22/2017,11/23/2014,2,4,4,1,26.1,20,0,1,1,2017,11,276,Wednesday
11/23/2017,11/24/2014,9.33,4,5.99,6,34.3,14,0,0,3,2017,11,276,Thursday
11/24/2017,11/25/2014,8,5.36,3.132,5,34.324,5,2,2,0,2017,11,276,Friday
11/25/2017,11/26/2014,5.33,3,6.076,4.1,26.5,8,0,2,0,2017,11,276,Saturday
11/26/2017,11/27/2014,5.66,7,5.786,1,31.2,2,1,12,2,2017,11,276,Sunday
11/27/2017,11/28/2014,1.34,3.02,3.67,6.1,34.825,4,0,7,3,2017,11,276,Monday
11/28/2017,11/29/2014,5,3,1.34,5.35,40.6,5,3,8,3,2017,11,276,Tuesday
11/29/2017,11/30/2014,6.34,5.68,2.397,4.1,32.6,7,0,5,3,2017,11,276,Wednesday
11/30/2017,12/1/2014,5.67,4.34,1.396,3,30,2,0,9,3,2017,11,276,Thursday
12/1/2017,12/2/2014,10.33,6.99,7.66,1,25.4,3,0,5,2,2017,12,276,Friday
12/2/2017,12/3/2014,4.33,4,3.67,5,22,11,0,0,1.5,2017,12,276,Saturday
12/3/2017,12/4/2014,5.33,3,6.023,3,33.4,3,0,6,2,2017,12,276,Sunday
12/4/2017,12/5/2014,1,2.02,2.363,4,15.6,3,0,13,3,2017,12,276,Monday
12/5/2017,12/6/2014,3.68,3.34,3.165,4.05,17.1,1,0,6,2,2017,12,276,Tuesday
12/6/2017,12/7/2014,4,5,4.396,2.1,29.2,12,0,6,1,2017,12,276,Wednesday
12/7/2017,12/8/2014,3,1,2.66,5.45,24.9,8,0,7,1,2017,12,276,Thursday
12/8/2017,12/9/2014,5.33,1,2.51,3.5,44.2,5,1,7,2,2017,12,276,Friday
12/9/2017,12/10/2014,5,3.34,2.17,5.4,36.6,14,0,7,2,2017,12,276,Saturday
12/10/2017,12/11/2014,5,2.34,2.802,5,48,7,0,18,2,2017,12,276,Sunday
12/11/2017,12/12/2014,8,6.34,6,5.5,34.4,10,0,6,1,2017,12,276,Monday
12/12/2017,12/13/2014,1.33,1,5.066,3,44,6,1,12,2,2017,12,276,Tuesday
12/13/2017,12/14/2014,4,10,3.34,2.3,29,9,0,0,1,2017,12,276,Wednesday
12/14/2017,12/15/2014,3,5.34,3,3,30,5,0,0,3,2017,12,276,Thursday
12/15/2017,12/16/2014,4.18,6.34,5.01,2.5,29,6,0,0,1,2017,12,276,Friday
12/16/2017,12/17/2014,11,3,6,3,36.6,6,1,1,2,2017,12,276,Saturday
12/17/2017,12/18/2014,7,5,0.33,5.1,37,11,0,15,2,2017,12,276,Sunday
12/18/2017,12/19/2014,0.66,0,4.67,6,31.6,7,0,8,0,2017,12,276,Monday
12/19/2017,12/20/2014,0,1,0,0,0,0,0,0,0,2017,12,276,Tuesday
12/20/2017,12/21/2014,2,4.33,3.396,3,27.2,3,0,11,2,2017,12,276,Wednesday
12/21/2017,12/22/2014,2.02,3.34,2.66,4,23.4,5,0,6,0,2017,12,276,Thursday
12/22/2017,12/23/2014,5.99,10.5,2.769,1.5,26,13,0,1,1.6,2017,12,276,Friday
12/23/2017,12/24/2014,6,1,4.505,6.1,28.3,6,0,1,1,2017,12,276,Saturday
12/24/2017,12/25/2014,7.66,8.34,3.46,2,32.2,4,0,5,1,2017,12,276,Sunday
12/25/2017,12/26/2014,1,3.33,0.62,4.1,15.53,4,0,6,2,2017,12,276,Monday
12/26/2017,12/27/2014,2.99,7.33,4.67,3.5,56.9,9,0,9,2,2017,12,276,Tuesday
12/27/2017,12/28/2014,7,2.34,4.814,5.15,32.7,9,0,3,0,2017,12,276,Wednesday
12/28/2017,12/29/2014,7.33,2.33,3.462,5.1,35.35,12,3,24,1,2017,12,276,Thursday
12/29/2017,12/30/2014,9.34,9,2.066,2.5,41.4,17,0,11,2,2017,12,276,Friday
12/30/2017,12/31/2014,8.68,5.67,8.363,4,50,8,0,10,3,2017,12,276,Saturday
12/31/2017,1/1/2015,13.83,0,10.043,5.3,70.2,9,0,0,1,2017,12,276,Sunday
1/1/2018,1/2/2015,0,6,0,0,0,0,0,0,0,2018,1,276,Monday
1/2/2018,1/3/2015,1,9,5.33,2.25,38,3,0,2,2,2018,1,276,Tuesday
1/3/2018,1/4/2015,4.67,4.68,2.397,3,54,4,0,10,3,2018,1,276,Wednesday
1/4/2018,1/5/2015,6,2.34,1.099,1,39.2,9,0,1,2,2018,1,276,Thursday
1/5/2018,1/6/2015,12,3,6.825,3,26,11,0,21,1,2018,1,276,Friday
1/6/2018,1/7/2015,4.66,0,1.66,2.2,73,4,0,5,8,2018,1,276,Saturday
1/7/2018,1/8/2015,0,2,0,0,0,0,0,0,0,2018,1,276,Sunday
1/8/2018,1/9/2015,2.33,3,6.53,4.2,29.6,5,0,0,1,2018,1,276,Monday
1/9/2018,1/10/2015,5.33,6,2.099,5,33.825,9,6,10,1,2018,1,276,Tuesday
1/10/2018,1/11/2015,9.33,3,7.406,6,44.5,12,0,6,2,2018,1,276,Wednesday
1/11/2018,1/12/2015,4,2.33,4.33,5.5,37.6,7,0,5,0,2018,1,276,Thursday
1/12/2018,1/13/2015,5.66,10.34,1.33,3,42,11,0,10,0,2018,1,276,Friday
1/13/2018,1/14/2015,3.5,3,3.495,3.2,32,6,0,8,1,2018,1,276,Saturday
1/14/2018,1/15/2015,4.33,6.67,5.155,1.2,36,2,0,5,1,2018,1,276,Sunday
1/15/2018,1/16/2015,6.99,6.33,2,5.1,26,8,0,15,2,2018,1,276,Monday
1/16/2018,1/17/2015,6.34,6.68,2.67,3,18,2,0,8,0,2018,1,276,Tuesday
1/17/2018,1/18/2015,6.67,4,2.85,2,30.2,10,2,41,2,2018,1,276,Wednesday
1/18/2018,1/19/2015,4.33,5.34,3.726,4,58.4,9,0,2,1,2018,1,276,Thursday
1/19/2018,1/20/2015,6.33,4.34,2.528,3,23.4,12,0,3,1,2018,1,276,Friday
1/20/2018,1/21/2015,2.66,4,2.32,2,38,2,0,5,0,2018,1,276,Saturday
1/21/2018,1/22/2015,3.33,4,3.53,3.4,32.8,6,0,1,3.5,2018,1,276,Sunday
1/22/2018,1/23/2015,6,3.67,3.396,6,29,5,0,6,1,2018,1,276,Monday
1/23/2018,1/24/2015,1,4.34,1.066,4.6,38.6,4,0,5,1,2018,1,276,Tuesday
1/24/2018,1/25/2015,7.33,4,6.67,4,32,13,0,4,1,2018,1,276,Wednesday
1/25/2018,1/26/2015,3.66,8.5,5.132,4.2,36.8,15,0,7,3,2018,1,276,Thursday
1/26/2018,1/27/2015,3,2.67,3.023,0.4,62.2,9,0,12,1,2018,1,276,Friday
1/27/2018,1/28/2015,3.34,3,7.33,3,52.9,7,0,3,4,2018,1,276,Saturday
1/28/2018,1/29/2015,1.5,4.34,2.35,5.65,55,11,0,10,2,2018,1,276,Sunday
1/29/2018,1/30/2015,2.33,1,4.363,4.25,47.9,10,3,4,1,2018,1,276,Monday
1/30/2018,1/31/2015,4.33,8.34,3.76,3,37,11,0,4,3,2018,1,276,Tuesday
1/31/2018,2/1/2015,0.33,4.34,5.076,4,30.4,12,0,6,1,2018,1,276,Wednesday
2/1/2018,2/2/2015,5.34,6,4.33,6,30.5,7,0,6,3,2018,2,276,Thursday
2/2/2018,2/3/2015,2.33,3.33,4.99,4,54.6,6,0,6,4.4,2018,2,276,Friday
2/3/2018,2/4/2015,4.33,2.34,7.13,3.3,67.1,12,0,5,2,2018,2,276,Saturday
2/4/2018,2/5/2015,7.99,2,9.066,2,50.6,6,0,3,3,2018,2,276,Sunday
2/5/2018,2/6/2015,7.33,3.33,3.066,3,53,18,0,6,0.66,2018,2,276,Monday
2/6/2018,2/7/2015,4.34,2,1.87,6.85,51.5,8,0,5,1,2018,2,276,Tuesday
2/7/2018,2/8/2015,4.84,1.34,8.132,3.2,44.8,8,0,23,0,2018,2,276,Wednesday
2/8/2018,2/9/2015,6.33,3.33,1.34,3,47,7,0,1.25,0,2018,2,276,Thursday
2/9/2018,2/10/2015,3,3.66,3.69,4.25,47,17,0,11,0,2018,2,276,Friday
2/10/2018,2/11/2015,10.01,3,5.231,3.5,60.4,6,0,15,3,2018,2,276,Saturday
2/11/2018,2/12/2015,6.33,3,5.396,7.8,63.25,12,0,10,2,2018,2,276,Sunday
2/12/2018,2/13/2015,8,6.01,4.769,10,36.3,14,1,1,1,2018,2,276,Monday
2/13/2018,2/14/2015,6,4.33,8.033,5,17.8,10,0,10,3,2018,2,276,Tuesday
2/14/2018,2/15/2015,1,11.68,6.33,2.1,50.3,15,0,14,0,2018,2,276,Wednesday
2/15/2018,2/16/2015,1.5,3.01,6.945,0.85,74.6,6,0,10,0,2018,2,276,Thursday
2/16/2018,2/17/2015,7.68,5.33,7.175,1.2,65.162,10,0,0,1,2018,2,276,Friday
2/17/2018,2/18/2015,1.33,1,3.64,2,50.4,5,0,9,0,2018,2,276,Saturday
2/18/2018,2/19/2015,6,2,6.726,7.55,44,2,0,4,1,2018,2,276,Sunday
2/19/2018,2/20/2015,1,5.33,3.34,1.7,27,6,0,12,2,2018,2,276,Monday
2/20/2018,2/21/2015,4.18,3,2.286,4.2,30.2,6,0,2,3,2018,2,276,Tuesday
2/21/2018,2/22/2015,1.34,2,7.01,9.5,27.4,5,0,6,1,2018,2,276,Wednesday
2/22/2018,2/23/2015,5,5,6.33,3.15,30,6,0,20,0,2018,2,276,Thursday
2/23/2018,2/24/2015,5.83,3.68,2.979,1,34.2,6,0,12,0,2018,2,276,Friday
2/24/2018,2/25/2015,8,7,5.68,7,43.5,10,0,8,3,2018,2,276,Saturday
2/25/2018,2/26/2015,4,6,1.68,2,36.8,10,0,10,2,2018,2,276,Sunday
2/26/2018,2/27/2015,1,6.33,0.66,2,46.6,9,0,7,1,2018,2,276,Monday
2/27/2018,2/28/2015,3.33,6.34,2.65,3.4,26.7,20,9,8,1,2018,2,276,Tuesday
2/28/2018,3/1/2015,1,9,2.33,5.1,44.662,21,2,0,1,2018,2,276,Wednesday
3/1/2018,3/2/2015,1,6.67,6.033,1.05,26.4,26,1,12,1,2018,3,276,Thursday
3/2/2018,3/3/2015,4,8,3,9.5,38.4,24,3,17,5.5,2018,3,276,Friday
3/3/2018,3/4/2015,8,9.68,2.363,8.15,40.187,12,1,10,4,2018,3,276,Saturday
3/4/2018,3/5/2015,1,6,3.736,4,33.6,3,0,14,1,2018,3,276,Sunday
3/5/2018,3/6/2015,4.33,2,5.33,6.1,25,6,0,17,1,2018,3,276,Monday
3/6/2018,3/7/2015,9.5,3.33,6.33,5.85,22.2,22,8,2,1,2018,3,276,Tuesday
3/7/2018,3/8/2015,4.5,6,1.67,4,20.2,31,5,11,1.4,2018,3,276,Wednesday
3/8/2018,3/9/2015,1.33,2,2.769,4,25.8,10,0,0,4,2018,3,276,Thursday
3/9/2018,3/10/2015,6.33,1.34,2.18,4.2,41,11,1,10,0,2018,3,276,Friday
3/10/2018,3/11/2015,6,11,4.109,4,21.7,11,3,17,6,2018,3,276,Saturday
3/11/2018,3/12/2015,4.66,2.68,7.54,5.6,68,0,0,11,3,2018,3,276,Sunday
3/12/2018,3/13/2015,9,4,4.345,3,22.2,9,0,13,8,2018,3,276,Monday
3/13/2018,3/14/2015,2,2.66,5.066,5.2,15.2,18,0,21,5,2018,3,276,Tuesday
3/14/2018,3/15/2015,2.34,3.34,2.34,0,31,14,2,8,4,2018,3,276,Wednesday
3/15/2018,3/16/2015,3.34,8,2.132,3,23.9,10,0,10,0,2018,3,276,Thursday
3/16/2018,3/17/2015,3.33,5,3.066,1,29,7,0,2,1,2018,3,276,Friday
3/17/2018,3/18/2015,3.99,7.33,1.66,3.15,65,11,0,5,4,2018,3,276,Saturday
3/18/2018,3/19/2015,7.33,2,2.929,4.3,21.5,8,0,2,2,2018,3,276,Sunday
3/19/2018,3/20/2015,4.34,1,1,0,19.6,11,2,18,1,2018,3,276,Monday
3/20/2018,3/21/2015,2.67,10.33,3.67,9,48.6,7,0,15,5,2018,3,276,Tuesday
3/21/2018,3/22/2015,2,8.34,2,2,27,4,0,9,0,2018,3,276,Wednesday
3/22/2018,3/23/2015,3,2,3.67,1.55,24.6,4,0,0,1,2018,3,276,Thursday
3/23/2018,3/24/2015,5,4,5.396,5.15,34,8,0,11,8.5,2018,3,276,Friday
3/24/2018,3/25/2015,7,3.68,2.34,5,40,7,1,2,0,2018,3,276,Saturday
3/25/2018,3/26/2015,4,5,2.66,3.2,47.312,9,0,3,2,2018,3,276,Sunday
3/26/2018,3/27/2015,5,3,9.66,0.2,27.6,15,4,5,3.3,2018,3,276,Monday
3/27/2018,3/28/2015,4.34,1.33,3.33,5.1,28,14,1,5,2,2018,3,276,Tuesday
3/28/2018,3/29/2015,5.5,6,1.66,1,11.924,23,2,6,1.5,2018,3,276,Wednesday
3/29/2018,3/30/2015,7,6.33,2.33,3,28.2,5,0,7,3.3,2018,3,276,Thursday
3/30/2018,3/31/2015,5.33,5,4.46,9,42,33,8,3,2,2018,3,276,Friday
3/31/2018,4/1/2015,9,6.34,2.99,2,50,8,0,3,4,2018,3,276,Saturday
4/1/2018,4/2/2015,6.83,5,3.34,0,37,19,1,22,5,2018,4,276,Sunday
4/2/2018,4/3/2015,5.66,5.33,4.396,6.3,30,31,0,10,10,2018,4,276,Monday
4/3/2018,4/4/2015,1,3.67,2.529,2,38,10,6,5,3.5,2018,4,276,Tuesday
4/4/2018,4/5/2015,6.01,3.34,5.2,3,29,9,0,1,8,2018,4,276,Wednesday
4/5/2018,4/6/2015,6.33,7.33,3.67,5.4,39,16,1,16,3,2018,4,276,Thursday
4/6/2018,4/7/2015,3.67,6,3,4.2,33.525,13,0,23,5,2018,4,276,Friday
4/7/2018,4/8/2015,16.18,4,4.506,2,40,4,0,5,7,2018,4,276,Saturday
4/8/2018,4/9/2015,0,1.33,0,0,0,0,0,0,0,2018,4,276,Sunday
4/9/2018,4/10/2015,5,9.84,3,6,25,6,0,10,6,2018,4,276,Monday
4/10/2018,4/11/2015,2,11.68,3.067,2,38.3,18,3,7,10,2018,4,276,Tuesday
4/11/2018,4/12/2015,6.67,0,3.01,2,28,12,0,3,11,2018,4,276,Wednesday
4/12/2018,4/13/2015,5,6.67,4.759,3.5,17.4,9,0,6,4.5,2018,4,276,Thursday
4/13/2018,4/14/2015,4.5,4.66,2.033,5,23,12,0,23,4,2018,4,276,Friday
4/14/2018,4/15/2015,8,2,3.68,2,24,2,0,3,12,2018,4,276,Saturday
4/15/2018,4/16/2015,7.66,2.34,2.759,3,20,5,0,0,6,2018,4,276,Sunday
4/16/2018,4/17/2015,2,9.33,6.02,0.25,40.5,9,0,4,3,2018,4,276,Monday
4/17/2018,4/18/2015,3.34,7.33,1.406,0.15,16,10,0,6,6,2018,4,276,Tuesday
4/18/2018,4/19/2015,5,9.32,0.54,3.25,25.25,5,0,7,1,2018,4,276,Wednesday
4/19/2018,4/20/2015,5,3,5.67,1,31.375,3,0,1,7,2018,4,276,Thursday
4/20/2018,4/21/2015,5,6.33,4.506,0,15,10,0,6,9,2018,4,276,Friday
4/21/2018,4/22/2015,3.5,1.33,3.439,2,40.4,7,0,4,6.2,2018,4,276,Saturday
4/22/2018,4/23/2015,6,4,5.09,3.5,42.5,7,0,0,6.5,2018,4,276,Sunday
4/23/2018,4/24/2015,7,10,0.693,1,15.562,7,0,2,9,2018,4,276,Monday
4/24/2018,4/25/2015,6,5,4.462,6,20,9,0,1,12,2018,4,276,Tuesday
4/25/2018,4/26/2015,9,7,7.66,5,18.1,8,2,30,9,2018,4,276,Wednesday
4/26/2018,4/27/2015,5.33,3,1.099,2,18,8,0,7,5,2018,4,276,Thursday
4/27/2018,4/28/2015,6.68,4.33,3.529,3,43,12,0,6,4,2018,4,276,Friday
4/28/2018,4/29/2015,9.33,2,2,2.05,27.25,11,1,6,7,2018,4,276,Saturday
4/29/2018,4/30/2015,7.33,3,6,6,14,5,0,14,10.4,2018,4,276,Sunday
4/30/2018,5/1/2015,5,5.34,6.66,3,14.125,12,0,1,7,2018,4,276,Monday
5/1/2018,5/2/2015,2.34,5,0,1,6.2,0,0,1,8,2018,5,276,Tuesday
5/2/2018,5/3/2015,6,6.67,3.526,2,38.2,7,0,3,9,2018,5,276,Wednesday
5/3/2018,5/4/2015,2.33,4,1.779,2,27.262,10,0,16,10,2018,5,276,Thursday
5/4/2018,5/5/2015,1,3.34,2.93,5,8.75,6,0,2,10.5,2018,5,276,Friday
5/5/2018,5/6/2015,9,4.66,3.34,5,24,9,0,0,7,2018,5,276,Saturday
5/6/2018,5/7/2015,3.34,2,10.66,0.25,18.2,9,0,3,13.5,2018,5,276,Sunday
5/7/2018,5/8/2015,9.66,1,0.033,0,22,13,0,7,3,2018,5,276,Monday
5/8/2018,5/9/2015,10.5,3.66,5.84,1,15,14,2,1,9,2018,5,276,Tuesday
5/9/2018,5/10/2015,9.34,3.34,2.33,7,24.4,8,2,2,5,2018,5,276,Wednesday
5/10/2018,5/11/2015,8.5,3.33,5.32,6,39,12,0,1,6,2018,5,276,Thursday
5/11/2018,5/12/2015,9.33,7.33,1.34,3,19,6,0,2,10,2018,5,276,Friday
5/12/2018,5/13/2015,1.33,8,3.66,5.15,27,10,0,11,8,2018,5,276,Saturday
5/13/2018,5/14/2015,5.16,3,5.759,3,14.4,3,0,7,10,2018,5,276,Sunday
5/14/2018,5/15/2015,6,3.34,6.539,1,20,4,1,37,3,2018,5,276,Monday
5/15/2018,5/16/2015,4,5,0.67,2,14,11,0,5,7,2018,5,276,Tuesday
5/16/2018,5/17/2015,4.01,5,2.33,2.5,13.4,9,0,2,8,2018,5,276,Wednesday
5/17/2018,5/18/2015,2,7,2.78,3.5,16,11,0,1,4,2018,5,276,Thursday
5/18/2018,5/19/2015,2.34,3,1.396,6,30,11,0,2,2.4,2018,5,276,Friday
5/19/2018,5/20/2015,2.34,5.67,2.561,1,18.4,7,5,0,5,2018,5,276,Saturday
5/20/2018,5/21/2015,7,6,8.01,1,45,6,1,0,10,2018,5,276,Sunday
5/21/2018,5/22/2015,12,3,2.759,2.15,14.6,18,0,11,5,2018,5,276,Monday
5/22/2018,5/23/2015,3.67,5.68,2.33,3,8.062,7,0,6,6,2018,5,276,Tuesday
5/23/2018,5/24/2015,1.5,5.33,3.66,0,11,7,0,0,7,2018,5,276,Wednesday
5/24/2018,5/25/2015,2,9.66,1.99,5,20.2,6,1,10,1,2018,5,276,Thursday
5/25/2018,5/26/2015,2.33,7.34,2.33,2,16.4,9,0,1,2,2018,5,276,Friday
5/26/2018,5/27/2015,3.33,4,2.759,7,16.262,7,0,3,5,2018,5,276,Saturday
5/27/2018,5/28/2015,6.33,6,4.518,5,49.262,6,1,0,11,2018,5,276,Sunday
5/28/2018,5/29/2015,7,6.33,3.01,1.2,19.6,7,0,7,6,2018,5,276,Monday
5/29/2018,5/30/2015,9,14,4.033,3.3,21.25,7,0,4,6,2018,5,276,Tuesday
5/30/2018,5/31/2015,4.34,3,1.67,2,16.4,9,0,14,10,2018,5,276,Wednesday
5/31/2018,6/1/2015,3.5,4.66,3.66,1.35,11.4,10,0,8,5.64,2018,5,276,Thursday
6/1/2018,6/2/2015,12.33,8.33,2.18,4,29,9,0,5,3,2018,6,276,Friday
6/2/2018,6/3/2015,8,5,3.086,4,23,9,3,7,9,2018,6,276,Saturday
6/3/2018,6/4/2015,5,2.33,2.746,1,22.4,8,1,0,2,2018,6,276,Sunday
6/4/2018,6/5/2015,3.33,5,3,6,19,3,0,6,6,2018,6,276,Monday
6/5/2018,6/6/2015,4.33,3.68,3.67,1.05,20,7,2,0,7,2018,6,276,Tuesday
6/6/2018,6/7/2015,6,6.34,2.34,0.15,17.25,16,3,0,2,2018,6,276,Wednesday
6/7/2018,6/8/2015,2,6,4.528,0.25,19,11,1,10,2,2018,6,276,Thursday
6/8/2018,6/9/2015,4,3,1.33,2,9,6,0,2,4.4,2018,6,276,Friday
6/9/2018,6/10/2015,8,4.34,6.462,3,21,11,0,5,0,2018,6,276,Saturday
6/10/2018,6/11/2015,2.66,6,4.693,5,33.2,7,0,0,3,2018,6,276,Sunday
6/11/2018,6/12/2015,8,1.67,8.33,3.1,17,17,0,0,6,2018,6,276,Monday
6/12/2018,6/13/2015,2.34,2.33,4.5,4,18.186,3,0,1,7.4,2018,6,276,Tuesday
6/13/2018,6/14/2015,12,5,4.33,1.2,22.25,1,0,0,2,2018,6,276,Wednesday
6/14/2018,6/15/2015,0,4,1,1,22,11,0,0,2,2018,6,276,Thursday
6/15/2018,6/16/2015,1,7,0.066,0.3,11.133,10,0,8,2,2018,6,276,Friday
6/16/2018,6/17/2015,3.34,3.66,6.383,5,10,5,0,2,7,2018,6,276,Saturday
6/17/2018,6/18/2015,4.84,3,6.586,6,24,10,0,5,4,2018,6,276,Sunday
6/18/2018,6/19/2015,4.5,5.33,1.33,2.1,14,4,0,1,6,2018,6,276,Monday
6/19/2018,6/20/2015,4,9.34,3.34,4,23,8,0,5,3,2018,6,276,Tuesday
6/20/2018,6/21/2015,3.66,9.34,4.528,2.5,15.062,8,3,11,2.6,2018,6,276,Wednesday
6/21/2018,6/22/2015,3.35,5.17,2.913,4,36,5,0,5,10.5,2018,6,276,Thursday
6/22/2018,6/23/2015,5,4.67,5.099,4.15,12,3,0,6,5.5,2018,6,276,Friday
6/23/2018,6/24/2015,5.33,3.83,7.343,2,14,7,0,1,2,2018,6,276,Saturday
6/24/2018,6/25/2015,1.67,6.33,4.746,2,29,10,0,0,3,2018,6,276,Sunday
6/25/2018,6/26/2015,3.33,7.17,3.099,0,31.062,12,3,5,2,2018,6,276,Monday
6/26/2018,6/27/2015,10.33,7.33,5.67,3,15,6,0,9,4.4,2018,6,276,Tuesday
6/27/2018,6/28/2015,2,5.34,2.396,3,11,10,0,2,3,2018,6,276,Wednesday
6/28/2018,6/29/2015,3,5.68,2.192,4,10,13,0,5,2,2018,6,276,Thursday
6/29/2018,6/30/2015,1,1,3,2,10,8,0,0,4,2018,6,276,Friday
6/30/2018,7/1/2015,6.84,8.83,3.34,7,26.8,10,2,0,4,2018,6,276,Saturday
7/1/2018,7/2/2015,2,3,3.693,1,22,7,0,10,4,2018,7,276,Sunday
7/2/2018,7/3/2015,3.33,5.5,6.33,3,24.6,18,0,3,7,2018,7,276,Monday
7/3/2018,7/4/2015,6.34,7.35,2.33,1,13.6,9,0,8,3,2018,7,276,Tuesday
7/4/2018,7/5/2015,1,5,2.83,3.5,16.25,6,0,22,7,2018,7,276,Wednesday
7/5/2018,7/6/2015,4.33,5.5,2.759,4,15,6,3,3,1,2018,7,276,Thursday
7/6/2018,7/7/2015,2.33,4.84,5.33,1.25,20,15,0,0,6,2018,7,276,Friday
7/7/2018,7/8/2015,6.33,2,8.52,7,19,14,0,0,5.5,2018,7,276,Saturday
7/8/2018,7/9/2015,7.33,2.34,5.211,2,28,10,0,5,4,2018,7,276,Sunday
7/9/2018,7/10/2015,3.33,5.5,2,4,31,12,3,0,3,2018,7,276,Monday
7/10/2018,7/11/2015,6,4,6.36,4,34,9,2,2,4,2018,7,276,Tuesday
7/11/2018,7/12/2015,10,6.33,3.363,3,29.4,13,0,6,2,2018,7,276,Wednesday
7/12/2018,7/13/2015,3,3.68,4.34,7,24,11,4,0,3,2018,7,276,Thursday
7/13/2018,7/14/2015,1.34,0.34,2.67,1.15,22,5,0,2,3,2018,7,276,Friday
7/14/2018,7/15/2015,0,8.49,3.2,0,26,8,0,0,1.4,2018,7,276,Saturday
7/15/2018,7/16/2015,10,8.34,9.42,3.5,23,4,0,1,7,2018,7,276,Sunday
7/16/2018,7/17/2015,9.33,2.5,5.023,1,22,8,0,0,3,2018,7,276,Monday
7/17/2018,7/18/2015,2.33,3.68,3.66,2,29.4,13,0,0,6,2018,7,276,Tuesday
7/18/2018,7/19/2015,2.5,11.68,2.837,5,10,17,0,12,6,2018,7,276,Wednesday
7/19/2018,7/20/2015,6.84,5.84,4,3,16,14,1,0,3,2018,7,276,Thursday
7/20/2018,7/21/2015,5,4.68,7.177,5,35.2,2,1,2,4,2018,7,276,Friday
7/21/2018,7/22/2015,4,9.33,5.02,0.3,22,7,0,5,1,2018,7,276,Saturday
7/22/2018,7/23/2015,3.66,1.5,4.34,0,31,4,0,5,6,2018,7,276,Sunday
7/23/2018,7/24/2015,8.68,6,1.863,2.1,12,15,1,0,5.3,2018,7,276,Monday
7/24/2018,7/25/2015,9.68,4,4,2,22,4,1,2,2,2018,7,276,Tuesday
7/25/2018,7/26/2015,5,5,2.68,2,16,7,0,0,2,2018,7,276,Wednesday
7/26/2018,7/27/2015,4.33,7.34,1.827,5,24,4,0,1,4,2018,7,276,Thursday
7/27/2018,7/28/2015,2.34,14.18,3.34,3,19.4,11,0,1,6,2018,7,276,Friday
7/28/2018,7/29/2015,6,10.34,4.01,1,24.5,9,0,0,3,2018,7,276,Saturday
7/29/2018,7/30/2015,3.5,3,4.35,2.1,9,7,1,0,3,2018,7,276,Sunday
7/30/2018,7/31/2015,3,5.5,6.33,5.3,26,9,2,0,4,2018,7,276,Monday
7/31/2018,8/1/2015,7.33,5,3.736,3,13,5,0,0,3,2018,7,276,Tuesday
8/1/2018,8/2/2015,1,5,2.34,1,14,9,1,1,7,2018,8,276,Wednesday
8/2/2018,8/3/2015,0,1.5,1,0,11,11,0,2,5,2018,8,276,Thursday
8/3/2018,8/4/2015,4.01,6.34,2.67,2,21,9,0,0,1,2018,8,276,Friday
8/4/2018,8/5/2015,5,5,3.87,2,8,11,3,0,8,2018,8,276,Saturday
8/5/2018,8/6/2015,6,5.33,0.99,5,13,4,2,6,1.3,2018,8,276,Sunday
8/6/2018,8/7/2015,8.33,4.33,6.165,2,21.388,7,0,6,2,2018,8,276,Monday
8/7/2018,8/8/2015,2.33,6.33,2.67,8,15,7,1,1,3,2018,8,276,Tuesday
8/8/2018,8/9/2015,4.33,5,2.793,2,10,13,0,0,2,2018,8,276,Wednesday
8/9/2018,8/10/2015,2.67,3.67,3.066,1,29.4,13,0,0,2,2018,8,276,Thursday
8/10/2018,8/11/2015,6,12.33,4,4,19,4,0,0,2,2018,8,276,Friday
8/11/2018,8/12/2015,4,8.67,4.133,6,37,16,1,5,10,2018,8,276,Saturday
8/12/2018,8/13/2015,10.99,8,4.99,6,16,6,0,1,2,2018,8,276,Sunday
8/13/2018,8/14/2015,3.33,3,5.02,2,23.25,15,0,3,2,2018,8,276,Monday
8/14/2018,8/15/2015,1.33,3.34,2.736,5,12,9,0,4,5,2018,8,276,Tuesday
8/15/2018,8/16/2015,8.34,2,4.199,2,32.2,13,2,0,1,2018,8,276,Wednesday
8/16/2018,8/17/2015,3.33,8,8.729,4,27.4,6,3,5,5,2018,8,276,Thursday
8/17/2018,8/18/2015,2.33,6.01,2.99,2.4,23,5,1,5,1,2018,8,276,Friday
8/18/2018,8/19/2015,6.33,6.33,5.34,0,32.1,5,1,6,0,2018,8,276,Saturday
8/19/2018,8/20/2015,6.33,3.5,4.495,1,19.9,3,0,5,6,2018,8,276,Sunday
8/20/2018,8/21/2015,4,6,5.68,4.2,21.4,7,0,20,3,2018,8,276,Monday
8/21/2018,8/22/2015,2.34,2.34,3,2.15,26.2,4,1,1,4,2018,8,276,Tuesday
8/22/2018,8/23/2015,5,8.99,4.33,0,18,4,1,0,4,2018,8,276,Wednesday
8/23/2018,8/24/2015,5,8.5,4.067,4,35,8,0,23,3,2018,8,276,Thursday
8/24/2018,8/25/2015,4,2.34,2.34,1,38.5,7,0,21,4,2018,8,276,Friday
8/25/2018,8/26/2015,3.67,2.67,4.01,3.2,27,4,0,6,2.5,2018,8,276,Saturday
8/26/2018,8/27/2015,11.33,9.33,6.67,4,57,10,0,8,4.3,2018,8,276,Sunday
8/27/2018,8/28/2015,3.34,7,1,9,16,6,0,1,1,2018,8,276,Monday
8/28/2018,8/29/2015,2,10.84,2.68,1,26.4,7,1,0,3,2018,8,276,Tuesday
8/29/2018,8/30/2015,6.67,11,2.67,1.3,28.5,10,1,5,3,2018,8,276,Wednesday
8/30/2018,8/31/2015,2.33,4,2.736,3,38,7,0,4,2,2018,8,276,Thursday
8/31/2018,9/1/2015,4.34,8.18,3.34,0,17.2,13,1,20,4,2018,8,276,Friday
9/1/2018,9/2/2015,2.34,5.33,0,2.2,19,6,1,1,2,2018,9,276,Saturday
9/2/2018,9/3/2015,6.68,1.34,5.373,3,20,5,0,5,2,2018,9,276,Sunday
9/3/2018,9/4/2015,1,3.34,2.02,2,27.4,12,0,0,4,2018,9,276,Monday
9/4/2018,9/5/2015,4,8.83,1.086,1,22,7,0,3,2,2018,9,276,Tuesday
9/5/2018,9/6/2015,6.5,8.33,3.33,1.5,28,11,0,3,2,2018,9,276,Wednesday
9/6/2018,9/7/2015,6.66,4.34,4.056,3,18.4,13,0,5,0,2018,9,276,Thursday
9/7/2018,9/8/2015,2,2.67,1.746,4,42,6,0,22,7.7,2018,9,276,Friday
9/8/2018,9/9/2015,10,2,2.34,6.1,35.4,12,0,10,1,2018,9,276,Saturday
9/9/2018,9/10/2015,4,6,5.944,0,50,2,0,0,5,2018,9,276,Sunday
9/10/2018,9/11/2015,7,11.33,2.406,2,49.4,14,3,1,2,2018,9,276,Monday
9/11/2018,9/12/2015,9,4.66,2.726,3,50.6,15,0,6,4,2018,9,276,Tuesday
9/12/2018,9/13/2015,4,7.33,3,2,35,18,0,5,0,2018,9,276,Wednesday
9/13/2018,9/14/2015,2.83,4.68,3.086,1,20.6,5,2,12,2,2018,9,276,Thursday
9/14/2018,9/15/2015,8,3.33,7.02,4,54,7,0,1,2,2018,9,276,Friday
9/15/2018,9/16/2015,6,0.67,2.01,4,19.7,6,0,10,4.4,2018,9,276,Saturday
9/16/2018,9/17/2015,3.33,9.83,0.67,3.25,24.25,6,1,7,3,2018,9,276,Sunday
9/17/2018,9/18/2015,3,3.34,2.33,3.75,44.4,10,1,5,0,2018,9,276,Monday
9/18/2018,9/19/2015,4.34,6.83,3,3.7,20,6,0,1,5,2018,9,276,Tuesday
9/19/2018,9/20/2015,6,9.99,3.68,2,26,10,0,9,7,2018,9,276,Wednesday
9/20/2018,9/21/2015,2,2,4.067,2,24.2,13,1,0,5,2018,9,276,Thursday
9/21/2018,9/22/2015,4.66,6.99,5.837,1,33.1,10,0,1,3,2018,9,276,Friday
9/22/2018,9/23/2015,6,6.16,3.833,1.5,31.6,6,1,23,3,2018,9,276,Saturday
9/23/2018,9/24/2015,7.34,2.99,9.439,3.25,42.862,9,0,8,5,2018,9,276,Sunday
9/24/2018,9/25/2015,7.33,4.83,3.67,5.5,53.8,7,0,9,2,2018,9,276,Monday
9/25/2018,9/26/2015,6,12.42,4.736,3.3,53.85,11,0,22,2,2018,9,276,Tuesday
9/26/2018,9/27/2015,3,5.83,9,6,41.4,9,1,0,3,2018,9,276,Wednesday
9/27/2018,9/28/2015,4,1,6.567,4.6,19,11,0,7,3,2018,9,276,Thursday
9/28/2018,9/29/2015,2,6.33,4.68,3.7,40.6,3,0,5,3,2018,9,276,Friday
9/29/2018,9/30/2015,3.5,5.32,5.33,2.15,57.7,4,0,21,1,2018,9,276,Saturday
9/30/2018,10/1/2015,11.01,9.66,2.01,2,54,9,1,3,3,2018,9,276,Sunday
10/1/2018,10/2/2015,3,5,4.932,1,53,10,0,21,3,2018,10,276,Monday
10/2/2018,10/3/2015,6,10.34,3.91,3.5,18.6,7,0,6,0,2018,10,276,Tuesday
10/3/2018,10/4/2015,6,7,3.33,3,34.9,12,2,5,4,2018,10,276,Wednesday
10/4/2018,10/5/2015,6,5,3.36,2,32,12,1,5,0,2018,10,276,Thursday
10/5/2018,10/6/2015,4.84,5.69,3.397,1.1,22.8,7,0,14,1,2018,10,276,Friday
10/6/2018,10/7/2015,2,7.33,5.36,3.2,59.25,4,0,3,0.1,2018,10,276,Saturday
10/7/2018,10/8/2015,2.68,8.82,7.35,2,42.4,8,0,9,1,2018,10,276,Sunday
10/8/2018,10/9/2015,4,2,1.68,3,30,18,5,0,3,2018,10,276,Monday
10/9/2018,10/10/2015,2,6.16,1.67,1,30,18,0,29,1,2018,10,276,Tuesday
10/10/2018,10/11/2015,9,10.33,8.01,4.1,41.2,13,0,20,2,2018,10,276,Wednesday
10/11/2018,10/12/2015,2,9.66,2.33,2.1,31,15,0,0,1,2018,10,276,Thursday
10/12/2018,10/13/2015,6.33,3.83,4.363,1,26,6,0,1,6,2018,10,276,Friday
10/13/2018,10/14/2015,6.99,4.66,4.507,3.25,29.6,8,0,6,3,2018,10,276,Saturday
10/14/2018,10/15/2015,2.34,5.16,6.01,6.2,51.7,9,2,0,6,2018,10,276,Sunday
10/15/2018,10/16/2015,7.17,1.67,0.066,3,47.6,12,0,5,6,2018,10,276,Monday
10/16/2018,10/17/2015,6,10.34,5.322,2,27.3,5,3,6,0,2018,10,276,Tuesday
10/17/2018,10/18/2015,2.33,7.34,6,4,52.2,5,0,1,4,2018,10,276,Wednesday
10/18/2018,10/19/2015,4.34,12,3,1.1,14,9,1,10,5,2018,10,276,Thursday
10/19/2018,10/20/2015,4,3.34,2.066,0,10.6,5,2,6,4,2018,10,276,Friday
10/20/2018,10/21/2015,2.34,8.66,2.02,2,33,9,0,34,5,2018,10,276,Saturday
10/21/2018,10/22/2015,6.67,4.33,8.69,1,56.3,5,3,5,1,2018,10,276,Sunday
10/22/2018,10/23/2015,2.66,7,7.01,3.3,18.8,8,0,28,1.3,2018,10,276,Monday
10/23/2018,10/24/2015,2.34,9.84,2,0.45,44.8,9,1,11,3,2018,10,276,Tuesday
10/24/2018,10/25/2015,4,3,2.109,5,37.2,7,0,10,1.5,2018,10,276,Wednesday
10/25/2018,10/26/2015,5.33,9,5.429,3,52.2,12,0,33,3,2018,10,276,Thursday
10/26/2018,10/27/2015,4,4.33,5.373,4.6,44,14,1,14,1,2018,10,276,Friday
10/27/2018,10/28/2015,8.34,1,3.426,2.2,49.975,12,1,7,2,2018,10,276,Saturday
10/28/2018,10/29/2015,5.33,2.33,5.33,1.6,53.75,9,3,13,3,2018,10,276,Sunday
10/29/2018,10/30/2015,5.35,5.33,2.67,2.35,32.8,5,0,10,3,2018,10,276,Monday
10/30/2018,10/31/2015,9.33,5.66,4,1,18.2,7,0,13,1,2018,10,276,Tuesday
10/31/2018,11/1/2015,2,2.33,4.68,3,34.1,7,0,2,2,2018,10,276,Wednesday
11/1/2018,11/2/2015,7.84,4.66,0.34,3,25,6,3,7,0,2018,11,276,Thursday
11/2/2018,11/3/2015,5.14,1.34,1.845,0,32.6,8.2,0,1,3.3,2018,11,276,Friday
11/3/2018,11/4/2015,3,8.5,3,6.2,45.4,2,0,0,2,2018,11,276,Saturday
11/4/2018,11/5/2015,13.99,4.33,4.896,0,52,7,0,13,1,2018,11,276,Sunday
11/5/2018,11/6/2015,6.33,3.33,2.34,6,29,14,0,13,2.3,2018,11,276,Monday
11/6/2018,11/7/2015,3.33,4,6.68,10.55,37.7,8,0,13,2.5,2018,11,276,Tuesday
11/7/2018,11/8/2015,7,6.33,1.863,3,38.9,15,3,8,0,2018,11,276,Wednesday
11/8/2018,11/9/2015,3,3.66,1.573,6,38,5,0,16,2,2018,11,276,Thursday
11/9/2018,11/10/2015,5,6.33,0.67,5,43,7,1,22,0,2018,11,276,Friday
11/10/2018,11/11/2015,4.33,9.66,2.417,2,35.6,7,1,11,1.1,2018,11,276,Saturday
11/11/2018,11/12/2015,11,6,4.246,2,33.65,14,0,10,1,2018,11,276,Sunday
11/12/2018,11/13/2015,2.34,5,2.33,7,35,15,2,24,1,2018,11,276,Monday
11/13/2018,11/14/2015,6.33,4.99,5.35,6,29.7,18,0,18,3,2018,11,276,Tuesday
11/14/2018,11/15/2015,5.66,1.33,4.67,3,28.4,9,0,0,0,2018,11,276,Wednesday
11/15/2018,11/16/2015,2,5.67,4.083,2,49.6,3,2,29,0,2018,11,276,Thursday
11/16/2018,11/17/2015,8.33,6.34,2.66,4,21.5,6,0,6,0.4,2018,11,276,Friday
11/17/2018,11/18/2015,8,6.34,2.34,1,39,5,0,13,2,2018,11,276,Saturday
11/18/2018,11/19/2015,4.68,2,4.68,5,32.9,7,1,10,1,2018,11,276,Sunday
11/19/2018,11/20/2015,6.01,5.66,2.44,2,47.2,6,3,3,0,2018,11,276,Monday
11/20/2018,11/21/2015,5.33,4,3.803,4,31.5,4,1,10,3,2018,11,276,Tuesday
11/21/2018,11/22/2015,7,2,2.34,3.25,22,5,0,5,1,2018,11,276,Wednesday
11/22/2018,11/23/2015,8,3,7.066,3,22.4,9,0,15,2,2018,11,276,Thursday
11/23/2018,11/24/2015,6,5,4.472,3,29.6,13,1,24,3,2018,11,276,Friday
11/24/2018,11/25/2015,5.66,5.66,5.78,5,29.2,11,0,7,0.3,2018,11,276,Saturday
11/25/2018,11/26/2015,5.33,4.33,3.593,3.15,19.1,6,1,3,2,2018,11,276,Sunday
11/26/2018,11/27/2015,5.33,0.67,2.34,2,36.3,15,1,16,3,2018,11,276,Monday
11/27/2018,11/28/2015,8,6.33,4.67,2,41.5,2,0,5,2,2018,11,276,Tuesday
11/28/2018,11/29/2015,3,6.66,5.67,1,24.4,15,2,8,4,2018,11,276,Wednesday
11/29/2018,11/30/2015,4.33,7.33,4.32,1,22.6,7,0,1,3,2018,11,276,Thursday
11/30/2018,12/1/2015,1,1.99,3.01,1,22.4,3,0,0,2.5,2018,11,276,Friday
12/1/2018,12/2/2015,7,1,8.779,2.05,41,7,3,13,2,2018,12,276,Saturday
12/2/2018,12/3/2015,3.17,4,5.779,10,65.7,6,0,27,8,2018,12,276,Sunday
12/3/2018,12/4/2015,6,3.33,5.083,2.1,44,13,0,13,1,2018,12,276,Monday
12/4/2018,12/5/2015,2.5,8,3,3,32.2,11,0,5,3,2018,12,276,Tuesday
12/5/2018,12/6/2015,5.33,5.67,3.726,3.5,41.3,13,0,15,2,2018,12,276,Wednesday
12/6/2018,12/7/2015,0,3,0,0,0,0,0,0,0,2018,12,276,Thursday
12/7/2018,12/8/2015,5,2,3.01,3,47.4,14,0,12,3,2018,12,276,Friday
12/8/2018,12/9/2015,0,3.34,0,0,0,0,0,0,0,2018,12,276,Saturday
12/9/2018,12/10/2015,4.66,11.66,6.69,4.1,57.7,9,0,11,0,2018,12,276,Sunday
12/10/2018,12/11/2015,4,5.84,5,1.5,23.8,12,1,7,1,2018,12,276,Monday
12/11/2018,12/12/2015,4,6.34,4.01,8.35,28,12,3,2,5.5,2018,12,276,Tuesday
12/12/2018,12/13/2015,4.33,9.33,2,3,37.6,11,0,21,0,2018,12,276,Wednesday
12/13/2018,12/14/2015,3.68,5,2.243,3,47.5,6,0,6,0,2018,12,276,Thursday
12/14/2018,12/15/2015,2,4.99,2,0.2,23.4,2,1,29,1,2018,12,276,Friday
12/15/2018,12/16/2015,4,6.67,2.34,3.45,62.4,5,0,26,2.3,2018,12,276,Saturday
12/16/2018,12/17/2015,1.33,9,4.32,0.2,27,3,0,7,1,2018,12,276,Sunday
12/17/2018,12/18/2015,6.34,4.33,2.01,5,53,6,1,22,2,2018,12,276,Monday
12/18/2018,12/19/2015,0.33,0,2.473,1,34.5,12,3,9,2,2018,12,276,Tuesday
12/19/2018,12/20/2015,0,3,0,0,0,0,0,0,0,2018,12,276,Wednesday
12/20/2018,12/21/2015,8.34,5,1.66,1,27,12,3,1,0,2018,12,276,Thursday
12/21/2018,12/22/2015,2,5.66,1.35,0,35,12,1,13,1,2018,12,276,Friday
12/22/2018,12/23/2015,8.34,3.33,3.34,4.5,43.4,3,1,0,0,2018,12,276,Saturday
12/23/2018,12/24/2015,12.33,7.33,6.406,2.3,47.7,8,0,13,4,2018,12,276,Sunday
12/24/2018,12/25/2015,8.67,0.66,4.35,1,32,20,0,8,1,2018,12,276,Monday
12/25/2018,12/26/2015,8,4.67,6.076,5.1,42.6,9,3,21,2,2018,12,276,Tuesday
12/26/2018,12/27/2015,1,5.33,0.66,2.15,50,8,1,13,2,2018,12,276,Wednesday
12/27/2018,12/28/2015,3.68,4,3.01,3.05,40.6,8,0,7,0,2018,12,276,Thursday
12/28/2018,12/29/2015,11.67,10.67,5.845,1,56.4,11,6,9,0,2018,12,276,Friday
12/29/2018,12/30/2015,6.68,6.66,5.611,1,68.35,5,0,7,2,2018,12,276,Saturday
12/30/2018,12/31/2015,5.33,7.66,7.593,5,59.9,6,0,31,3.3,2018,12,276,Sunday
12/31/2018,1/1/2016,8,0,4.66,5.2,44.5,10,0,6,4,2018,12,276,Monday
1/1/2019,1/2/2016,0,0.34,0,0,0,0,0,0,0,2019,1,276,Tuesday
1/2/2019,1/3/2016,5.33,4,4.397,4.15,36.8,4,0,9,2,2019,1,276,Wednesday
1/3/2019,1/4/2016,4.33,7.33,4.836,6.25,42.4,6,0,9,0,2019,1,276,Thursday
1/4/2019,1/5/2016,7,5.33,3.67,2.6,55.8,10,0,0,1,2019,1,276,Friday
1/5/2019,1/6/2016,8.01,6.66,3.69,3.1,62.75,10,0,30,1,2019,1,276,Saturday
1/6/2019,1/7/2016,8.33,0,10.01,2.25,47.4,11,2,0,3,2019,1,276,Sunday
1/7/2019,1/8/2016,0,8,0,0,0,0,0,0,0,2019,1,276,Monday
1/8/2019,1/9/2016,4.34,7.33,3.32,0,41.8,6,0,10,2,2019,1,276,Tuesday
1/9/2019,1/10/2016,3,7,1.33,2,64.8,24,3,10,1,2019,1,276,Wednesday
1/10/2019,1/11/2016,8,9.34,3.58,5.6,39.1,12,2,13,1,2019,1,276,Thursday
1/11/2019,1/12/2016,5.33,12,7.34,3,61.6,12,0,6,0,2019,1,276,Friday
1/12/2019,1/13/2016,6.66,9,7.02,5,74.5,21.2,0,10,0,2019,1,276,Saturday
1/13/2019,1/14/2016,8.33,2,5.814,4.6,73,4,1,1,2,2019,1,276,Sunday
1/14/2019,1/15/2016,9,8.98,9.7,3,51,10,0,18,0,2019,1,276,Monday
1/15/2019,1/16/2016,4.33,3.34,4.33,3.65,30.4,9,0,19,1,2019,1,276,Tuesday
1/16/2019,1/17/2016,7.5,7.01,5.066,6,48.8,12,0,17,5,2019,1,276,Wednesday
1/17/2019,1/18/2016,5.34,3.5,3.68,3.7,55.6,10,3,8,1,2019,1,276,Thursday
1/18/2019,1/19/2016,6.33,6,6.439,4,27.8,13,0,24,2,2019,1,276,Friday
1/19/2019,1/20/2016,7.02,2.32,8.391,5.5,77.4,9,0,1,3,2019,1,276,Saturday
1/20/2019,1/21/2016,11.67,5,14.463,2.1,93.05,6,0,34,1,2019,1,276,Sunday
1/21/2019,1/22/2016,4.34,0.83,5.825,0,67.15,11,0,31,0,2019,1,276,Monday
1/22/2019,1/23/2016,6.83,6.33,7.076,1,74.9,13,1,7,0,2019,1,276,Tuesday
1/23/2019,1/24/2016,3.33,4,8.463,7.1,58.4,4,0,23,2,2019,1,276,Wednesday
1/24/2019,1/25/2016,4,10.33,4.495,6,47.3,7,4,2,3,2019,1,276,Thursday
1/25/2019,1/26/2016,2.33,5.68,7.18,4,32.65,11,2,11,1,2019,1,276,Friday
1/26/2019,1/27/2016,7,4.34,8.459,2.4,97.8,11,1,13,1,2019,1,276,Saturday
1/27/2019,1/28/2016,10.52,7.33,11.745,2,100.1,12,1,6,2,2019,1,276,Sunday
1/28/2019,1/29/2016,8.5,5,7.109,3,45,11,0,28,3,2019,1,276,Monday
1/29/2019,1/30/2016,5,9,5,3.45,38.8,10,2,15,0,2019,1,276,Tuesday
1/30/2019,1/31/2016,6.33,4.33,5.713,2.25,52.312,8,0,11,1.3,2019,1,276,Wednesday
1/31/2019,2/1/2016,1.67,6.34,11.505,2,62.2,8,1,20,2,2019,1,276,Thursday
2/1/2019,2/2/2016,11.34,14.33,1.726,8,38.9,9,0,7,3,2019,2,276,Friday
2/2/2019,2/3/2016,13.34,8,12.706,6.2,64.262,8,1,45,0,2019,2,276,Saturday
2/3/2019,2/4/2016,6,8.34,9.812,5.75,47.088,10,1,5,4.4,2019,2,276,Sunday
2/4/2019,2/5/2016,6.33,5.66,6.68,3,47,5,1,12,2,2019,2,276,Monday
2/5/2019,2/6/2016,5.33,5.33,10.386,3.65,33.8,2,0,1,4,2019,2,276,Tuesday
2/6/2019,2/7/2016,6.34,3.66,4.178,2.2,29,4,0,4,1.5,2019,2,276,Wednesday
2/7/2019,2/8/2016,2.33,6.33,5.132,4.5,42.6,11,0,22,1,2019,2,276,Thursday
2/8/2019,2/9/2016,2,7,6.373,7,50.2,9,3,12,5,2019,2,276,Friday
2/9/2019,2/10/2016,6.68,4.34,7.383,5,51.65,10,0,11,1,2019,2,276,Saturday
2/10/2019,2/11/2016,3.34,1.66,7.119,3.35,43.2,9,0,0,1.2,2019,2,276,Sunday
2/11/2019,2/12/2016,8,5.99,7.469,6.15,30,10,0,5,3,2019,2,276,Monday
2/12/2019,2/13/2016,6.66,2.67,3.34,0,34.6,8.2,0,6,0.5,2019,2,276,Tuesday
2/13/2019,2/14/2016,4,5.84,4.01,1,27.2,16,0,8,2,2019,2,276,Wednesday
2/14/2019,2/15/2016,2.33,5.33,6.517,3.15,54.5,9,0,7,3,2019,2,276,Thursday
2/15/2019,2/16/2016,5.34,7.33,5,12.5,52.05,16,0,3,2,2019,2,276,Friday
2/16/2019,2/17/2016,6.34,3,6.02,5,36.4,8,0,6,3,2019,2,276,Saturday
2/17/2019,2/18/2016,2.34,2.34,4.416,4,15.162,11.2,0,0,3.1,2019,2,276,Sunday
2/18/2019,2/19/2016,3.34,4,2.076,3.6,27.4,7,0,10,0,2019,2,276,Monday
2/19/2019,2/20/2016,3.33,10.33,4.33,1.5,27.4,15,2,6,3,2019,2,276,Tuesday
2/20/2019,2/21/2016,2.34,6.34,4.779,3.3,30.6,14,0,7,3,2019,2,276,Wednesday
2/21/2019,2/22/2016,1.66,3,5,2.1,45.4,15,1,5,2,2019,2,276,Thursday
2/22/2019,2/23/2016,2.33,3,2,1.2,16,5,0,1,2,2019,2,276,Friday
2/23/2019,2/24/2016,5.01,7.66,2.44,3.2,38.2,13,0,0,1.3,2019,2,276,Saturday
2/24/2019,2/25/2016,4.34,7.99,4.01,1.5,19,2,0,2,2,2019,2,276,Sunday
2/25/2019,2/26/2016,5.34,5,1.423,3,25.2,4,2,2,3,2019,2,276,Monday
2/26/2019,2/27/2016,2.33,8,3.83,5.15,27,8,0,3,3,2019,2,276,Tuesday
2/27/2019,2/28/2016,5,8,0.67,1.2,13.4,9,0,1,7.5,2019,2,276,Wednesday
2/28/2019,2/29/2016,0.67,7,3.33,4,34,2,1,35,3,2019,2,276,Thursday
3/1/2019,3/1/2016,1.33,10,3.821,2.5,22.2,12,0,6,2,2019,3,276,Friday
3/2/2019,3/2/2016,4.01,3.33,1.33,4,46,9,3,0,5,2019,3,276,Saturday
3/3/2019,3/3/2016,8,2.83,4.01,1,20,5,0,10,0.4,2019,3,276,Sunday
3/4/2019,3/4/2016,5.33,5,2.67,7,41,3,0,5,2,2019,3,276,Monday
3/5/2019,3/5/2016,3.01,5,2.33,0.2,20,8,3,6,5.3,2019,3,276,Tuesday
3/6/2019,3/6/2016,0.34,5,1.396,0.7,31,17,1,5,3,2019,3,276,Wednesday
3/7/2019,3/7/2016,7.33,5.33,2.076,4.25,10,24,0,0,4,2019,3,276,Thursday
3/8/2019,3/8/2016,2.33,4,3.34,0.2,33.7,4,1,0,4.3,2019,3,276,Friday
3/9/2019,3/9/2016,6.34,4.34,1.67,4,45.2,11,0,7,5,2019,3,276,Saturday
3/10/2019,3/10/2016,5.83,6.33,3.087,5.35,51,5,0,3,9,2019,3,276,Sunday
3/11/2019,3/11/2016,14.66,3.33,3.67,2.5,26.4,10,3,11,3,2019,3,276,Monday
3/12/2019,3/12/2016,4.33,3,3.373,1.5,31.85,12,0,7,2,2019,3,276,Tuesday
3/13/2019,3/13/2016,2.67,2.5,4.34,6,22,10,0,8,4,2019,3,276,Wednesday
3/14/2019,3/14/2016,4,4.33,5.67,0.2,47.2,12,1,27,6,2019,3,276,Thursday
3/15/2019,3/15/2016,2.83,5.33,1.34,3,40,7,1,20,5,2019,3,276,Friday
3/16/2019,3/16/2016,8.34,5.33,0.837,5,29,9,0,5,7,2019,3,276,Saturday
3/17/2019,3/17/2016,6.68,5.66,3.723,2,55,6,0,10,5,2019,3,276,Sunday
3/18/2019,3/18/2016,2.33,3.34,0.835,2.1,23,11,0,1,9,2019,3,276,Monday
3/19/2019,3/19/2016,9,10.66,3.33,1.5,26.2,10,1,2,8,2019,3,276,Tuesday
3/20/2019,3/20/2016,5.67,7.99,2,2,28.9,8.2,0,19,5,2019,3,276,Wednesday
3/21/2019,3/21/2016,2.33,5,1.423,0,18.8,13,0,6,5,2019,3,276,Thursday
3/22/2019,3/22/2016,4.66,2.33,7.043,1.1,41,13,0,29,6,2019,3,276,Friday
3/23/2019,3/23/2016,6,4,3.36,4.25,15.5,7,0,1,5,2019,3,276,Saturday
3/24/2019,3/24/2016,6,6.84,2.67,3,43.2,6.2,1,16,10,2019,3,276,Sunday
3/25/2019,3/25/2016,4.84,7,4.523,6,27,11,1,6,6,2019,3,276,Monday
3/26/2019,3/26/2016,4,2.5,5.51,3,36,11,0,19,9,2019,3,276,Tuesday
3/27/2019,3/27/2016,6.34,7.83,7.769,3,25.6,12,1,0,9,2019,3,276,Wednesday
3/28/2019,3/28/2016,1.33,3.34,6.43,1.4,14,6,0,7,1,2019,3,276,Thursday
3/29/2019,3/29/2016,3,5.68,4.298,4,25.3,10,0,16,9.2,2019,3,276,Friday
3/30/2019,3/30/2016,4.66,7.16,10.68,1.1,18,11,1,0,6.1,2019,3,276,Saturday
3/31/2019,3/31/2016,7,2.33,4.564,1.5,27,8,1,5,9.2,2019,3,276,Sunday
4/1/2019,4/1/2016,3.01,6.33,1.703,3,34.65,12,0,5,5,2019,4,276,Monday
4/2/2019,4/2/2016,7.67,3.67,1.33,3,24,7,0,10,8,2019,4,276,Tuesday
4/3/2019,4/3/2016,5.33,9.67,5.099,1.5,18.3,12,0,4,9.3,2019,4,276,Wednesday
4/4/2019,4/4/2016,4.5,7,2.226,8,39,8,1,13,15,2019,4,276,Thursday
4/5/2019,4/5/2016,6.34,6,4.198,4,25.2,7,0,3,4,2019,4,276,Friday
4/6/2019,4/6/2016,3.34,6.66,6.01,3,13.2,13,0,16,9.3,2019,4,276,Saturday
4/7/2019,4/7/2016,6,6.33,5.119,4,19,3,0,0,7,2019,4,276,Sunday
4/8/2019,4/8/2016,5,7.67,4.35,3.3,10,8.2,0,4,3,2019,4,276,Monday
4/9/2019,4/9/2016,2.83,9,2,1,12,10,0,3,5,2019,4,276,Tuesday
4/10/2019,4/10/2016,2.34,5,2.746,2,34,16.2,3,9,8,2019,4,276,Wednesday
4/11/2019,4/11/2016,7.33,0.33,6.156,2,15.9,15,0,7,8,2019,4,276,Thursday
4/12/2019,4/12/2016,4.33,4.34,4.373,4.1,16.6,16,0,6,7,2019,4,276,Friday
4/13/2019,4/13/2016,4.5,6.33,4.134,1.1,14,4,0,6,4,2019,4,276,Saturday
4/14/2019,4/14/2016,4,2.66,4.406,1,23,3,1,7,5.5,2019,4,276,Sunday
4/15/2019,4/15/2016,4.66,4.33,6,5.3,8.8,17,2,3,5,2019,4,276,Monday
4/16/2019,4/16/2016,2,5.34,2.67,2,27.2,12,3,1,3,2019,4,276,Tuesday
4/17/2019,4/17/2016,7,4.33,4,1.25,13.5,11,1,24,5,2019,4,276,Wednesday
4/18/2019,4/18/2016,0,3.66,0,0,0,0,0,0,0,2019,4,276,Thursday
4/19/2019,4/19/2016,3.34,3,2.743,1.5,25,17,0,6,2,2019,4,276,Friday
4/20/2019,4/20/2016,9,2.66,3.769,1.5,22.4,12,3,0,6,2019,4,276,Saturday
4/21/2019,4/21/2016,3.84,3,4.845,3,21,11,0,2,12.2,2019,4,276,Sunday
4/22/2019,4/22/2016,8.67,6,1.66,4.5,51,12,0,31,9,2019,4,276,Monday
4/23/2019,4/23/2016,9,13.66,0.34,6.1,18.4,6,1,4,2,2019,4,276,Tuesday
4/24/2019,4/24/2016,2.34,1,4.747,3,39.1,13,3,12,2,2019,4,276,Wednesday
4/25/2019,4/25/2016,14.01,6.67,3.59,2,15,17,1,7,5.4,2019,4,276,Thursday
4/26/2019,4/26/2016,6.34,5.33,1.68,3.25,32.6,6,0,1,11,2019,4,276,Friday
4/27/2019,4/27/2016,17.34,5.66,2.497,3.1,25.2,13,1,7,7,2019,4,276,Saturday
4/28/2019,4/28/2016,0,4.66,0,0,0,0,0,0,0,2019,4,276,Sunday
4/29/2019,4/29/2016,5.33,6.66,6.367,2.6,27.6,5,0,0,3,2019,4,276,Monday
4/30/2019,4/30/2016,2,9.66,1.407,8,22,13,2,28,8.4,2019,4,276,Tuesday
5/1/2019,5/1/2016,2.34,0,4.02,1,8,1,0,1,3,2019,5,276,Wednesday
5/2/2019,5/2/2016,1.68,4,5.429,5.5,20,15,1,3,9,2019,5,276,Thursday
5/3/2019,5/3/2016,4.01,6.33,2.34,3,24,11,3,16,8,2019,5,276,Friday
5/4/2019,5/4/2016,9,7.34,5.43,4.25,25,5,1,16,9,2019,5,276,Saturday
5/5/2019,5/5/2016,7,4.66,2.42,4.2,31,2,0,0,5,2019,5,276,Sunday
5/6/2019,5/6/2016,4.68,4,0.066,2,23,11,2,9,3,2019,5,276,Monday
5/7/2019,5/7/2016,2.66,3.99,5.519,1,33.4,19,0,6,5,2019,5,276,Tuesday
5/8/2019,5/8/2016,9,5,4.033,3,13,15,2,20,0,2019,5,276,Wednesday
5/9/2019,5/9/2016,5,5.67,2.33,2.1,12.5,10,1,31,4,2019,5,276,Thursday
5/10/2019,5/10/2016,5,7.33,1.34,5.5,11.6,13,2,26,2,2019,5,276,Friday
5/11/2019,5/11/2016,5.34,5.33,5,5.5,16.8,9,0,12,5,2019,5,276,Saturday
5/12/2019,5/12/2016,4.67,3.01,1.68,3.1,38.8,2,1,19,5,2019,5,276,Sunday
5/13/2019,5/13/2016,5,2.33,4.527,2,26.2,11,0,11,3,2019,5,276,Monday
5/14/2019,5/14/2016,6.67,5.34,4.363,4,25,5,0,11,3,2019,5,276,Tuesday
5/15/2019,5/15/2016,4,5.33,1.066,4.15,28.4,7,0,5,3,2019,5,276,Wednesday
5/16/2019,5/16/2016,5,5,1.067,2,12,9,1,16.29166667,5,2019,5,276,Thursday
5/17/2019,5/17/2016,2.66,4,1.66,2.4,28,18,2,4,2.2,2019,5,276,Friday
5/18/2019,5/18/2016,10,4,0.34,5.1,14,9,2,5,3,2019,5,276,Saturday
5/19/2019,5/19/2016,6.67,6.34,5,4,26.4,9,0,9,4.2,2019,5,276,Sunday
5/20/2019,5/20/2016,3.67,3,6.396,5,21.3,11,4,13,5,2019,5,276,Monday
5/21/2019,5/21/2016,5.34,2,4,5.1,17.6,12.2,0,1,7,2019,5,276,Tuesday
5/22/2019,5/22/2016,8.16,4.34,2.836,3.15,28.2,8,0,9,5,2019,5,276,Wednesday
5/23/2019,5/23/2016,2.33,5,3.34,2,26.1,4,0,10,6,2019,5,276,Thursday
5/24/2019,5/24/2016,5.34,12,3.703,3,36.2,8,1,5,3,2019,5,276,Friday
5/25/2019,5/25/2016,11,8.34,3.34,4.1,35,4,0,16,2,2019,5,276,Saturday
5/26/2019,5/26/2016,6.33,4.67,5.31,2,30,2.6,0,11,6,2019,5,276,Sunday
5/27/2019,5/27/2016,4.67,8.67,0.67,1.2,19,8,0,0,2,2019,5,276,Monday
5/28/2019,5/28/2016,4.33,12.33,3.99,6.3,18.2,10,2,5,6,2019,5,276,Tuesday
5/29/2019,5/29/2016,5.5,8.67,2.34,4.05,15,10,1,0,3,2019,5,276,Wednesday
5/30/2019,5/30/2016,5,3.34,0.34,3.4,17.2,5,0,6,4,2019,5,276,Thursday
5/31/2019,5/31/2016,5.99,6,3.363,1,22.662,2,0,2,5,2019,5,276,Friday
6/1/2019,6/1/2016,3,9,1.34,6,21.4,1,0,8,4,2019,6,276,Saturday
6/2/2019,6/2/2016,4,2.33,2.66,3.05,28,4,1,6,4,2019,6,276,Sunday
6/3/2019,6/3/2016,0.33,7.33,2.505,4,15.4,4,0,5,10,2019,6,276,Monday
6/4/2019,6/4/2016,6.34,3.33,2.823,5.35,28.2,9,1,12,5,2019,6,276,Tuesday
6/5/2019,6/5/2016,5,10.34,1.77,2.1,26.1,7,0,1,2,2019,6,276,Wednesday
6/6/2019,6/6/2016,7.67,5.33,2.076,6.35,27,7,2,11,4,2019,6,276,Thursday
6/7/2019,6/7/2016,6,6,2.67,2,22,6,0,16,0,2019,6,276,Friday
6/8/2019,6/8/2016,3,8.66,3.66,1,22.4,12,0,0,2.1,2019,6,276,Saturday
6/9/2019,6/9/2016,9.33,8.67,1.033,8,16.5,7,4,0,5,2019,6,276,Sunday
6/10/2019,6/10/2016,3,8.33,1.34,2,15,7,0,6,12,2019,6,276,Monday
6/11/2019,6/11/2016,11.34,10.66,3.33,10.5,25,9,0,7,6,2019,6,276,Tuesday
6/12/2019,6/12/2016,8,8.34,3.406,1,16.2,11,0,1,7,2019,6,276,Wednesday
6/13/2019,6/13/2016,0.68,5.66,3.02,0.25,19.4,2,0,2,9,2019,6,276,Thursday
6/14/2019,6/14/2016,3.18,2.33,3.35,3,15,2,1,0,6,2019,6,276,Friday
6/15/2019,6/15/2016,7,5,3.463,5,15,13,0,7,8,2019,6,276,Saturday
6/16/2019,6/16/2016,4,4,5.35,3,18,2,0,0,9,2019,6,276,Sunday
6/17/2019,6/17/2016,6.66,3.34,4.66,3,18,6,0,2,2.34,2019,6,276,Monday
6/18/2019,6/18/2016,5,2,4.21,3,29.5,8,0,2,12.1,2019,6,276,Tuesday
6/19/2019,6/19/2016,3.67,6.34,3.033,3,18,6,1,2,5.5,2019,6,276,Wednesday
6/20/2019,6/20/2016,5,7.34,4.363,3,15,9,4,0,4,2019,6,276,Thursday
6/21/2019,6/21/2016,3,7.33,2.33,3,24.8,8,3,4,6,2019,6,276,Friday
6/22/2019,6/22/2016,3,2,4,0,25,11,2,12,5,2019,6,276,Saturday
6/23/2019,6/23/2016,9.33,3,4.792,5.5,18.2,1,0,10,1,2019,6,276,Sunday
6/24/2019,6/24/2016,10,6,4.68,3.1,19,9,3,3,7,2019,6,276,Monday
6/25/2019,6/25/2016,2.34,5.68,2.638,5,12,10,1,0,3,2019,6,276,Tuesday
6/26/2019,6/26/2016,2,3,3.44,1,11.6,5,1,0,5,2019,6,276,Wednesday
6/27/2019,6/27/2016,8.16,6,6.33,4,15,5,1,7,2,2019,6,276,Thursday
6/28/2019,6/28/2016,4.33,1.33,1.496,2,15,5,0,2,3,2019,6,276,Friday
6/29/2019,6/29/2016,1.18,7,5.7,5,18.3,2,0,5,2,2019,6,276,Saturday
6/30/2019,6/30/2016,6,4,6.159,0,40,5,0,11,5,2019,6,276,Sunday
7/1/2019,7/1/2016,5.33,4,2,1,14,7,0,8,4,2019,7,276,Monday
7/2/2019,7/2/2016,5.66,4.66,3.012,4,14,9,0,1,4.3,2019,7,276,Tuesday
7/3/2019,7/3/2016,4,6.67,2.849,4,30.05,9,0,1,4,2019,7,276,Wednesday
7/4/2019,7/4/2016,5.33,8.34,1.67,0,13,7,1,3,6.5,2019,7,276,Thursday
7/5/2019,7/5/2016,4.33,6,3.08,4,20,11,0,0,2,2019,7,276,Friday
7/6/2019,7/6/2016,4.34,9.33,1.703,3,16,2,0,1,3,2019,7,276,Saturday
7/7/2019,7/7/2016,5.66,7.34,6.463,3,25,2,0,3,5,2019,7,276,Sunday
7/8/2019,7/8/2016,6,1.34,4.373,2,21.4,9.2,1,4,4,2019,7,276,Monday
7/9/2019,7/9/2016,2.67,3.33,2.703,8,15,12,4,3,2,2019,7,276,Tuesday
7/10/2019,7/10/2016,10,5.66,5.67,5,19.6,10.2,0,1,4,2019,7,276,Wednesday
7/11/2019,7/11/2016,3.33,6.33,4.726,4,19,7,0,0,3,2019,7,276,Thursday
7/12/2019,7/12/2016,11,5.67,5.09,4.05,34,7.2,0,2,2,2019,7,276,Friday
7/13/2019,7/13/2016,5,6.218333333,3.417,1,17.6,5,3,0,5,2019,7,276,Saturday
7/14/2019,7/14/2016,6,2.34,5.34,4,23,3,0,5,1,2019,7,276,Sunday
7/15/2019,7/15/2016,7.33,3,1.67,4.55,24,6,1,0,7,2019,7,276,Monday
7/16/2019,7/16/2016,7,9.33,3.34,3,14,7,0,2,4,2019,7,276,Tuesday
7/17/2019,7/17/2016,3.99,9.01,0.157,2.5,26,7,1,0,2,2019,7,276,Wednesday
7/18/2019,7/18/2016,11,6,3.33,1.3,24,11,0,3,3,2019,7,276,Thursday
7/19/2019,7/19/2016,7.33,7.34,5.34,4,28,15,0,3,7,2019,7,276,Friday
7/20/2019,7/20/2016,4.34,10.33,4.449,1,17.2,4,0,6,2,2019,7,276,Saturday
7/21/2019,7/21/2016,6.34,5.66,0.363,1.1,16,5,0,1,3,2019,7,276,Sunday
7/22/2019,7/22/2016,1,3.33,2.66,2,14.25,10,0,0,6,2019,7,276,Monday
7/23/2019,7/23/2016,1.34,4.66,0.67,5.2,7.25,11,0,7,2.4,2019,7,276,Tuesday
7/24/2019,7/24/2016,8,2.33,3.769,2,30.875,19,0,2,1,2019,7,276,Wednesday
7/25/2019,7/25/2016,6,13,7,5,20,9,1,11,2,2019,7,276,Thursday
7/26/2019,7/26/2016,12.5,8.32,4,0.1,17,12,0,8,3,2019,7,276,Friday
7/27/2019,7/27/2016,3.34,3,0,1,22,6,3,2,3.4,2019,7,276,Saturday
7/28/2019,7/28/2016,4.34,9.67,1.34,4,13,3,1,0,0.6,2019,7,276,Sunday
7/29/2019,7/29/2016,9,9.99,4.33,2,25.45,12,0,1,2,2019,7,276,Monday
7/30/2019,7/30/2016,9.5,6.33,6.187,5,19,9,4,33,5,2019,7,276,Tuesday
7/31/2019,7/31/2016,0,6,2.84,2,21,4,0,4,2,2019,7,276,Wednesday
8/1/2019,8/1/2016,8.67,8.33,0.913,2,37,6,0,1,2,2019,8,276,Thursday
8/2/2019,8/2/2016,5,8.33,1.68,3,18,7,2,6,1,2019,8,276,Friday
8/3/2019,8/3/2016,5.34,8,4.68,2.3,12,6,5,1,3.4,2019,8,276,Saturday
8/4/2019,8/4/2016,6.5,8,2.67,5,24,10,0,2,4.3,2019,8,276,Sunday
8/5/2019,8/5/2016,4,10.33,1,4.3,6,7,1,5,0,2019,8,276,Monday
8/6/2019,8/6/2016,10,3,4.67,2,17.25,4,0,6,6,2019,8,276,Tuesday
8/7/2019,8/7/2016,6,8,1.759,2,9,7,0,21,3,2019,8,276,Wednesday
8/8/2019,8/8/2016,7.66,8.34,1.01,3,15,10,0,31,3,2019,8,276,Thursday
8/9/2019,8/9/2016,3,6.33,3.25,0,8,13,5,1,5,2019,8,276,Friday
8/10/2019,8/10/2016,3.33,11.34,0.68,6,15,11,0,0,0,2019,8,276,Saturday
8/11/2019,8/11/2016,7,5.67,6.85,4,16,5,2,2,3,2019,8,276,Sunday
8/12/2019,8/12/2016,8.33,8.66,4.496,1,36,11,1,5,3.5,2019,8,276,Monday
8/13/2019,8/13/2016,8,8,1.896,2,15,3,0,2,1,2019,8,276,Tuesday
8/14/2019,8/14/2016,4.34,5,0.67,3.1,20,6,0,0,3,2019,8,276,Wednesday
8/15/2019,8/15/2016,8.67,5,1.99,2,12,9,0,11,2,2019,8,276,Thursday
8/16/2019,8/16/2016,3.33,10,2.68,2,13,15,0,10,7,2019,8,276,Friday
8/17/2019,8/17/2016,7.67,8.66,4.531,2.45,18,5,1,0,2.5,2019,8,276,Saturday
8/18/2019,8/18/2016,4.84,6.99,2.846,1,11,4,0,7,4,2019,8,276,Sunday
8/19/2019,8/19/2016,3.68,1,3.67,4,9,11,2,0,4,2019,8,276,Monday
8/20/2019,8/20/2016,2,4.33,1.32,2,13.4,8,0,2,3,2019,8,276,Tuesday
8/21/2019,8/21/2016,4.34,8,4,0,19.45,10,0,5,3,2019,8,276,Wednesday
8/22/2019,8/22/2016,5.34,3.34,4,2,20,8,2,10,3,2019,8,276,Thursday
8/23/2019,8/23/2016,9.67,3,5.156,4.05,12,11,2,4,2,2019,8,276,Friday
8/24/2019,8/24/2016,13.84,9.33,6.02,3,24.6,9,0,0,5.5,2019,8,276,Saturday
8/25/2019,8/25/2016,3,4.33,3.35,2,17,4,0,3,0,2019,8,276,Sunday
8/26/2019,8/26/2016,2.67,4,2.373,3,18,11,0,3,3,2019,8,276,Monday
8/27/2019,8/27/2016,2.34,8.83,2.01,3,21,3,0,0,5,2019,8,276,Tuesday
8/28/2019,8/28/2016,3.33,7.33,1.427,5,10,6,1,0,2,2019,8,276,Wednesday
8/29/2019,8/29/2016,9,9,1.68,5,17.4,9,1,1,2,2019,8,276,Thursday
8/30/2019,8/30/2016,6.34,4.66,1.056,2,19,3,0,2,5.1,2019,8,276,Friday
8/31/2019,8/31/2016,4.68,6,3.936,2,15,5,1,4,6,2019,8,276,Saturday
9/1/2019,9/1/2016,2,5,4.36,5,17,8.2,1,5,4,2019,9,276,Sunday
9/2/2019,9/2/2016,5.33,9.34,2.087,2.5,18,7,0,1,9,2019,9,276,Monday
9/3/2019,9/3/2016,9.36,5.33,2.35,3.1,12.125,8,3,1,2,2019,9,276,Tuesday
9/4/2019,9/4/2016,2,8.33,0.373,2.15,29.23,7,0,3,3,2019,9,276,Wednesday
9/5/2019,9/5/2016,7,3.32,9.53,2,14,1,0,1,8,2019,9,276,Thursday
9/6/2019,9/6/2016,1.68,5,2.67,1,28.4,7,0,0,1.5,2019,9,276,Friday
9/7/2019,9/7/2016,8.33,2.33,3.67,2,27,14,3,6,2,2019,9,276,Saturday
9/8/2019,9/8/2016,7.01,6,6.087,3,26,7,0,3,3,2019,9,276,Sunday
9/9/2019,9/9/2016,1.18,4.99,2.124,3,26,4,3,5,2,2019,9,276,Monday
9/10/2019,9/10/2016,8.66,8.33,6.68,4.2,22,17,0,1,1,2019,9,276,Tuesday
9/11/2019,9/11/2016,2.67,2.66,5.076,3,42,5,0,5,2.5,2019,9,276,Wednesday
9/12/2019,9/12/2016,2.33,7,1.34,2,21.975,11.2,0,10,4,2019,9,276,Thursday
9/13/2019,9/13/2016,6.34,7,3.35,2,17,12,2,5,5,2019,9,276,Friday
9/14/2019,9/14/2016,8.99,6,6.397,3.45,24,12,0,2,10,2019,9,276,Saturday
9/15/2019,9/15/2016,5.34,3,6.01,2,25.4,6,0,2,6,2019,9,276,Sunday
9/16/2019,9/16/2016,9.33,2,2.316,3,22,5,1,0,2,2019,9,276,Monday
9/17/2019,9/17/2016,4.5,6.67,3.007,6.5,19.2,8.2,0,6,2,2019,9,276,Tuesday
9/18/2019,9/18/2016,6.33,5.99,4.33,7,22,4,0,2,2,2019,9,276,Wednesday
9/19/2019,9/19/2016,7.33,4,3.34,3,33,5,2,3,4,2019,9,276,Thursday
9/20/2019,9/20/2016,5.34,4.67,3.383,2,51.3,3,0,1,3,2019,9,276,Friday
9/21/2019,9/21/2016,10.68,8.34,5.68,1,44.25,3,0,6,4,2019,9,276,Saturday
9/22/2019,9/22/2016,3.33,6.33,3.34,1.9,56.5,3,0,8,4,2019,9,276,Sunday
9/23/2019,9/23/2016,5.34,2.33,4.549,3.3,55,6,0,1,4,2019,9,276,Monday
9/24/2019,9/24/2016,2,2,1.34,6,61.3,12,0,1,6,2019,9,276,Tuesday
9/25/2019,9/25/2016,6,6,3.67,4.2,32.5,14,1,1.416666667,4,2019,9,276,Wednesday
9/26/2019,9/26/2016,5.5,5.99,3.033,2,31,13,0,31,0,2019,9,276,Thursday
9/27/2019,9/27/2016,4.66,7,4.359,4,41.1,4,0,2,4,2019,9,276,Friday
9/28/2019,9/28/2016,7,13.68,1.68,4.1,48,6.2,0,1,3,2019,9,276,Saturday
9/29/2019,9/29/2016,3.51,7.33,3.867,3,67.8,6,0,3,2.1,2019,9,276,Sunday
9/30/2019,9/30/2016,2,7,1.439,2.1,49.4,9,0,5,2,2019,9,276,Monday
10/1/2019,10/1/2016,11.34,7.33,2.406,0.1,47,15,4,17,1.5,2019,10,276,Tuesday
10/2/2019,10/2/2016,5.18,17,3.274,2.8,30.2,9,1,0,1.1,2019,10,276,Wednesday
10/3/2019,10/3/2016,5,3.33,3,4,40.4,10,0,2,2,2019,10,276,Thursday
10/4/2019,10/4/2016,7.34,6.33,5.683,2.25,22.45,13,0,1,1,2019,10,276,Friday
10/5/2019,10/5/2016,3.84,4,5.01,6,25.4,7,0,0,0.33,2019,10,276,Saturday
10/6/2019,10/6/2016,4,4.33,11.69,2,34.6,6,0,5,4.2,2019,10,276,Sunday
10/7/2019,10/7/2016,7.34,4.34,4.507,3,50.8,6,0,10,1,2019,10,276,Monday
10/8/2019,10/8/2016,0.33,7.34,1.73,0.5,44.3,20,2,2,0,2019,10,190,Tuesday
,10/9/2016,,6.68,,,,,,,,,,,
,10/10/2016,,2,,,,,,,,,,,
,10/11/2016,,7.33,,,,,,,,,,,
,10/12/2016,,8.33,,,,,,,,,,,
,10/13/2016,,4.66,,,,,,,,,,,
,10/14/2016,,7,,,,,,,,,,,
,10/15/2016,,4,,,,,,,,,,,
,10/16/2016,,8.33,,,,,,,,,,,
,10/17/2016,,2,,,,,,,,,,,
,10/18/2016,,3,,,,,,,,,,,
,10/19/2016,,4.33,,,,,,,,,,,
,10/20/2016,,1.64,,,,,,,,,,,
,10/21/2016,,8.66,,,,,,,,,,,
,10/22/2016,,7,,,,,,,,,,,
,10/23/2016,,12.33,,,,,,,,,,,
,10/24/2016,,2.66,,,,,,,,,,,
,10/25/2016,,4.33,,,,,,,,,,,
,10/26/2016,,2.33,,,,,,,,,,,
,10/27/2016,,6.5,,,,,,,,,,,
,10/28/2016,,7,,,,,,,,,,,
,10/29/2016,,15.33,,,,,,,,,,,
,10/30/2016,,4.66,,,,,,,,,,,
,10/31/2016,,2.66,,,,,,,,,,,
,11/1/2016,,2.33,,,,,,,,,,,
,11/2/2016,,4,,,,,,,,,,,
,11/3/2016,,2,,,,,,,,,,,
,11/4/2016,,8.33,,,,,,,,,,,
,11/5/2016,,7.666666667,,,,,,,,,,,
,11/6/2016,,8,,,,,,,,,,,
,11/7/2016,,5,,,,,,,,,,,
,11/8/2016,,7,,,,,,,,,,,
,11/9/2016,,2.34,,,,,,,,,,,
,11/10/2016,,7.33,,,,,,,,,,,
,11/11/2016,,10.66,,,,,,,,,,,
,11/12/2016,,8,,,,,,,,,,,
,11/13/2016,,6,,,,,,,,,,,
,11/14/2016,,10,,,,,,,,,,,
,11/15/2016,,5.33,,,,,,,,,,,
,11/16/2016,,4,,,,,,,,,,,
,11/17/2016,,5,,,,,,,,,,,
,11/18/2016,,1.33,,,,,,,,,,,
,11/19/2016,,5,,,,,,,,,,,
,11/20/2016,,7,,,,,,,,,,,
,11/21/2016,,1.34,,,,,,,,,,,
,11/22/2016,,4.01,,,,,,,,,,,
,11/23/2016,,3,,,,,,,,,,,
,11/24/2016,,8.67,,,,,,,,,,,
,11/25/2016,,7.34,,,,,,,,,,,
,11/26/2016,,3.33,,,,,,,,,,,
,11/27/2016,,9.33,,,,,,,,,,,
,11/28/2016,,4.5,,,,,,,,,,,
,11/29/2016,,5.68,,,,,,,,,,,
,11/30/2016,,3.33,,,,,,,,,,,
,12/1/2016,,4.5,,,,,,,,,,,
,12/2/2016,,6,,,,,,,,,,,
,12/3/2016,,3.17,,,,,,,,,,,
,12/4/2016,,7,,,,,,,,,,,
,12/5/2016,,9.5,,,,,,,,,,,
,12/6/2016,,6,,,,,,,,,,,
,12/7/2016,,4.34,,,,,,,,,,,
,12/8/2016,,5.67,,,,,,,,,,,
,12/9/2016,,5.66,,,,,,,,,,,
,12/10/2016,,7.34,,,,,,,,,,,
,12/11/2016,,3.34,,,,,,,,,,,
,12/12/2016,,3.66,,,,,,,,,,,
,12/13/2016,,1,,,,,,,,,,,
,12/14/2016,,5.83,,,,,,,,,,,
,12/15/2016,,9.66,,,,,,,,,,,
,12/16/2016,,7.33,,,,,,,,,,,
,12/17/2016,,5.99,,,,,,,,,,,
,12/18/2016,,1.67,,,,,,,,,,,
,12/19/2016,,0,,,,,,,,,,,
,12/20/2016,,6.33,,,,,,,,,,,
,12/21/2016,,1.34,,,,,,,,,,,
,12/22/2016,,4.34,,,,,,,,,,,
,12/23/2016,,5.33,,,,,,,,,,,
,12/24/2016,,6.33,,,,,,,,,,,
,12/25/2016,,2.33,,,,,,,,,,,
,12/26/2016,,10.33,,,,,,,,,,,
,12/27/2016,,6,,,,,,,,,,,
,12/28/2016,,4.34,,,,,,,,,,,
,12/29/2016,,11,,,,,,,,,,,
,12/30/2016,,5.66,,,,,,,,,,,
,12/31/2016,,8.33,,,,,,,,,,,
,,,,,,,,,,,,,,
,,,,,,,,,,,,,,
,,,,,,,,,,,,,,
,,,,,,,,,,,,,,
,,,,,,,,,,,,,,
,,,,,,,,,,,,,,
,,,,,,,,,,,,,,
,,,,,,,,,,,,,,
,,,,,,,,,,,,,,
,,,,,,,,,,,,,,
,,,,,,,,,,,,,,
,,,,,,,,,,,,,,
,,,,,,,,,,,,,,
,,,,,,,,,,,,,,
,,,,,,,,,,,,,,
,,,,,,,,,,,,,,
,,,,,,,,,,,,,,
,,,,,,,,,,,,,,
,,,,,,,,,,,,,,
,,,,,,,,,,,,,,
,,,,,,,,,,,,,,
,,,,,,,,,,,,,,
,,,,,,,,,,,,,,
,,,,,,,,,,,,,,
,,,,,,,,,,,,,,
,,,,,,,,,,,,,,
,,,,,,,,,,,,,,
,,,,,,,,,,,,,,
,,,,,,,,,,,,,,
,,,,,,,,,,,,,,
,,,,,,,,,,,,,,
,,,,,,,,,,,,,,
,,,,,,,,,,,,,,
,,,,,,,,,,,,,,
,,,,,,,,,,,,,,
,,,,,,,,,,,,,,
,,,,,,,,,,,,,,
,,,,,,,,,,,,,,
,,,,,,,,,,,,,,
,,,,,,,,,,,,,,
,,,,,,,,,,,,,,
,,,,,,,,,,,,,,
,,,,,,,,,,,,,,
,,,,,,,,,,,,,,
,,,,,,,,,,,,,,
,,,,,,,,,,,,,,
,,,,,,,,,,,,,,
,,,,,,,,,,,,,,
,,,,,,,,,,,,,,
,,,,,,,,,,,,,,
,,,,,,,,,,,,,,
,,,,,,,,,,,,,,
,,,,,,,,,,,,,,
,,,,,,,,,,,,,,
,,,,,,,,,,,,,,
,,,,,,,,,,,,,,
,,,,,,,,,,,,,,
,,,,,,,,,,,,,,
,,,,,,,,,,,,,,
,,,,,,,,,,,,,,
,,,,,,,,,,,,,,
,,,,,,,,,,,,,,
,,,,,,,,,,,,,,
,,,,,,,,,,,,,,
,,,,,,,,,,,,,,
,,,,,,,,,,,,,,
,,,,,,,,,,,,,,
,,,,,,,,,,,,,,
,,,,,,,,,,,,,,
,,,,,,,,,,,,,,
,,,,,,,,,,,,,,
,,,,,,,,,,,,,,
,,,,,,,,,,,,,,
,,,,,,,,,,,,,,
,,,,,,,,,,,,,,
,,,,,,,,,,,,,,
,,,,,,,,,,,,,,
,,,,,,,,,,,,,,
,,,,,,,,,,,,,,
,,,,,,,,,,,,,,
,,,,,,,,,,,,,,
,,,,,,,,,,,,,,
,,,,,,,,,,,,,,
,,,,,,,,,,,,,,
,,,,,,,,,,,,,,
,,,,,,,,,,,,,,
,,,,,,,,,,,,,,
,,,,,,,,,,,,,,
,,,,,,,,,,,,,,
,,,,,,,,,,,,,,
,,,,,,,,,,,,,,
,,,,,,,,,,,,,,
,,,,,,,,,,,,,,
,,,,,,,,,,,,,,
,,,,,,,,,,,,,,
,,,,,,,,,,,,,,
,,,,,,,,,,,,,,
,,,,,,,,,,,,,,
,,,,,,,,,,,,,,
,,,,,,,,,,,,,,
,,,,,,,,,,,,,,
,,,,,,,,,,,,,,
,,,,,,,,,,,,,,
,,,,,,,,,,,,,,
,,,,,,,,,,,,,,
,,,,,,,,,,,,,,
,,,,,,,,,,,,,,
,,,,,,,,,,,,,,
,,,,,,,,,,,,,,
,,,,,,,,,,,,,,
,,,,,,,,,,,,,,
,,,,,,,,,,,,,,
,,,,,,,,,,,,,,
,,,,,,,,,,,,,,
,,,,,,,,,,,,,,
,,,,,,,,,,,,,,
,,,,,,,,,,,,,,
,,,,,,,,,,,,,,
,,,,,,,,,,,,,,
,,,,,,,,,,,,,,
,,,,,,,,,,,,,,
,,,,,,,,,,,,,,
,,,,,,,,,,,,,,
,,,,,,,,,,,,,,
,,,,,,,,,,,,,,
,,,,,,,,,,,,,,
,,,,,,,,,,,,,,
,,,,,,,,,,,,,,
,,,,,,,,,,,,,,
,,,,,,,,,,,,,,
,,,,,,,,,,,,,,
,,,,,,,,,,,,,,
,,,,,,,,,,,,,,
,,,,,,,,,,,,,,
,,,,,,,,,,,,,,
,,,,,,,,,,,,,,
,,,,,,,,,,,,,,
,,,,,,,,,,,,,,
,,,,,,,,,,,,,,
,,,,,,,,,,,,,,
,,,,,,,,,,,,,,
,,,,,,,,,,,,,,
,,,,,,,,,,,,,,
,,,,,,,,,,,,,,
,,,,,,,,,,,,,,
,,,,,,,,,,,,,,
,,,,,,,,,,,,,,
,,,,,,,,,,,,,,
,,,,,,,,,,,,,,
,,,,,,,,,,,,,,
,,,,,,,,,,,,,,
,,,,,,,,,,,,,,
,,,,,,,,,,,,,,
,,,,,,,,,,,,,,
,,,,,,,,,,,,,,
,,,,,,,,,,,,,,
,,,,,,,,,,,,,,
,,,,,,,,,,,,,,
,,,,,,,,,,,,,,
,,,,,,,,,,,,,,
,,,,,,,,,,,,,,
,,,,,,,,,,,,,,
,,,,,,,,,,,,,,
,,,,,,,,,,,,,,
,,,,,,,,,,,,,,
,,,,,,,,,,,,,,
,,,,,,,,,,,,,,
,,,,,,,,,,,,,,
,,,,,,,,,,,,,,
,,,,,,,,,,,,,,
,,,,,,,,,,,,,,
,,,,,,,,,,,,,,
,,,,,,,,,,,,,,
,,,,,,,,,,,,,,
,,,,,,,,,,,,,,
,,,,,,,,,,,,,,
,,,,,,,,,,,,,,
,,,,,,,,,,,,,,
,,,,,,,,,,,,,,
,,,,,,,,,,,,,,
,,,,,,,,,,,,,,
,,,,,,,,,,,,,,
,,,,,,,,,,,,,,
,,,,,,,,,,,,,,
,,,,,,,,,,,,,,
,,,,,,,,,,,,,,
,,,,,,,,,,,,,,
,,,,,,,,,,,,,,
,,,,,,,,,,,,,,
,,,,,,,,,,,,,,
,,,,,,,,,,,,,,
,,,,,,,,,,,,,,
,,,,,,,,,,,,,,
,,,,,,,,,,,,,,
,,,,,,,,,,,,,,
,,,,,,,,,,,,,,
,,,,,,,,,,,,,,
,,,,,,,,,,,,,,
,,,,,,,,,,,,,,
,,,,,,,,,,,,,,
,,,,,,,,,,,,,,
,,,,,,,,,,,,,,
,,,,,,,,,,,,,,
,,,,,,,,,,,,,,
,,,,,,,,,,,,,,
,,,,,,,,,,,,,,
,,,,,,,,,,,,,,
,,,,,,,,,,,,,,
,,,,,,,,,,,,,,
,,,,,,,,,,,,,,
,,,,,,,,,,,,,,
,,,,,,,,,,,,,,
,,,,,,,,,,,,,,
,,,,,,,,,,,,,,
,,,,,,,,,,,,,,
,,,,,,,,,,,,,,
,,,,,,,,,,,,,,
,,,,,,,,,,,,,,
,,,,,,,,,,,,,,
,,,,,,,,,,,,,,
,,,,,,,,,,,,,,
,,,,,,,,,,,,,,
,,,,,,,,,,,,,,
,,,,,,,,,,,,,,
,,,,,,,,,,,,,,
,,,,,,,,,,,,,,
,,,,,,,,,,,,,,
,,,,,,,,,,,,,,
,,,,,,,,,,,,,,
,,,,,,,,,,,,,,
,,,,,,,,,,,,,,
,,,,,,,,,,,,,,
,,,,,,,,,,,,,,
,,,,,,,,,,,,,,
,,,,,,,,,,,,,,
,,,,,,,,,,,,,,
,,,,,,,,,,,,,,
,,,,,,,,,,,,,,
,,,,,,,,,,,,,,
,,,,,,,,,,,,,,
,,,,,,,,,,,,,,
,,,,,,,,,,,,,,
,,,,,,,,,,,,,,
,,,,,,,,,,,,,,
,,,,,,,,,,,,,,
,,,,,,,,,,,,,,
,,,,,,,,,,,,,,
,,,,,,,,,,,,,,
,,,,,,,,,,,,,,
,,,,,,,,,,,,,,
,,,,,,,,,,,,,,
,,,,,,,,,,,,,,
,,,,,,,,,,,,,,
,,,,,,,,,,,,,,
,,,,,,,,,,,,,,
,,,,,,,,,,,,,,
,,,,,,,,,,,,,,
,,,,,,,,,,,,,,
,,,,,,,,,,,,,,
,,,,,,,,,,,,,,
,,,,,,,,,,,,,,
,,,,,,,,,,,,,,
,,,,,,,,,,,,,,
,,,,,,,,,,,,,,
,,,,,,,,,,,,,,
,,,,,,,,,,,,,,
,,,,,,,,,,,,,,
,,,,,,,,,,,,,,
,,,,,,,,,,,,,,
,,,,,,,,,,,,,,
,,,,,,,,,,,,,,
,,,,,,,,,,,,,,
,,,,,,,,,,,,,,
,,,,,,,,,,,,,,
,,,,,,,,,,,,,,
,,,,,,,,,,,,,,
,,,,,,,,,,,,,,
,,,,,,,,,,,,,,
,,,,,,,,,,,,,,
,,,,,,,,,,,,,,
,,,,,,,,,,,,,,
,,,,,,,,,,,,,,
,,,,,,,,,,,,,,
,,,,,,,,,,,,,,
,,,,,,,,,,,,,,
,,,,,,,,,,,,,,
,,,,,,,,,,,,,,
,,,,,,,,,,,,,,
,,,,,,,,,,,,,,
,,,,,,,,,,,,,,
,,,,,,,,,,,,,,
,,,,,,,,,,,,,,
,,,,,,,,,,,,,,
,,,,,,,,,,,,,,
,,,,,,,,,,,,,,
,,,,,,,,,,,,,,
,,,,,,,,,,,,,,
,,,,,,,,,,,,,,
,,,,,,,,,,,,,,
,,,,,,,,,,,,,,
,,,,,,,,,,,,,,
,,,,,,,,,,,,,,
,,,,,,,,,,,,,,
,,,,,,,,,,,,,,
,,,,,,,,,,,,,,
,,,,,,,,,,,,,,
,,,,,,,,,,,,,,
,,,,,,,,,,,,,,
,,,,,,,,,,,,,,
,,,,,,,,,,,,,,
,,,,,,,,,,,,,,
,,,,,,,,,,,,,,
,,,,,,,,,,,,,,
,,,,,,,,,,,,,,
,,,,,,,,,,,,,,
,,,,,,,,,,,,,,
,,,,,,,,,,,,,,
,,,,,,,,,,,,,,
,,,,,,,,,,,,,,
,,,,,,,,,,,,,,
,,,,,,,,,,,,,,
,,,,,,,,,,,,,,
,,,,,,,,,,,,,,
,,,,,,,,,,,,,,
,,,,,,,,,,,,,,
,,,,,,,,,,,,,,
,,,,,,,,,,,,,,
,,,,,,,,,,,,,,
,,,,,,,,,,,,,,
,,,,,,,,,,,,,,
,,,,,,,,,,,,,,
,,,,,,,,,,,,,,
,,,,,,,,,,,,,,
,,,,,,,,,,,,,,
,,,,,,,,,,,,,,
,,,,,,,,,,,,,,
,,,,,,,,,,,,,,
,,,,,,,,,,,,,,
,,,,,,,,,,,,,,
,,,,,,,,,,,,,,
,,,,,,,,,,,,,,
,,,,,,,,,,,,,,
,,,,,,,,,,,,,,
,,,,,,,,,,,,,,
,,,,,,,,,,,,,,
,,,,,,,,,,,,,,
,,,,,,,,,,,,,,
,,,,,,,,,,,,,,
,,,,,,,,,,,,,,
,,,,,,,,,,,,,,
,,,,,,,,,,,,,,
,,,,,,,,,,,,,,
,,,,,,,,,,,,,,
,,,,,,,,,,,,,,
,,,,,,,,,,,,,,
,,,,,,,,,,,,,,
,,,,,,,,,,,,,,
,,,,,,,,,,,,,,
,,,,,,,,,,,,,,
,,,,,,,,,,,,,,
,,,,,,,,,,,,,,
,,,,,,,,,,,,,,
,,,,,,,,,,,,,,
,,,,,,,,,,,,,,
,,,,,,,,,,,,,,
,,,,,,,,,,,,,,
,,,,,,,,,,,,,,
,,,,,,,,,,,,,,
,,,,,,,,,,,,,,
,,,,,,,,,,,,,,
,,,,,,,,,,,,,,
,,,,,,,,,,,,,,
,,,,,,,,,,,,,,
,,,,,,,,,,,,,,
,,,,,,,,,,,,,,
,,,,,,,,,,,,,,
,,,,,,,,,,,,,,
,,,,,,,,,,,,,,
,,,,,,,,,,,,,,
,,,,,,,,,,,,,,
,,,,,,,,,,,,,,
,,,,,,,,,,,,,,
,,,,,,,,,,,,,,
,,,,,,,,,,,,,,
,,,,,,,,,,,,,,
,,,,,,,,,,,,,,
,,,,,,,,,,,,,,
,,,,,,,,,,,,,,
,,,,,,,,,,,,,,
,,,,,,,,,,,,,,
,,,,,,,,,,,,,,
,,,,,,,,,,,,,,
,,,,,,,,,,,,,,
,,,,,,,,,,,,,,
,,,,,,,,,,,,,,
,,,,,,,,,,,,,,
,,,,,,,,,,,,,,
,,,,,,,,,,,,,,
,,,,,,,,,,,,,,
,,,,,,,,,,,,,,
,,,,,,,,,,,,,,
,,,,,,,,,,,,,,
,,,,,,,,,,,,,,
,,,,,,,,,,,,,,
,,,,,,,,,,,,,,
,,,,,,,,,,,,,,
,,,,,,,,,,,,,,
,,,,,,,,,,,,,,
,,,,,,,,,,,,,,
,,,,,,,,,,,,,,
,,,,,,,,,,,,,,
,,,,,,,,,,,,,,
,,,,,,,,,,,,,,
,,,,,,,,,,,,,,
,,,,,,,,,,,,,,
,,,,,,,,,,,,,,
,,,,,,,,,,,,,,
,,,,,,,,,,,,,,
,,,,,,,,,,,,,,
,,,,,,,,,,,,,,
,,,,,,,,,,,,,,
,,,,,,,,,,,,,,
,,,,,,,,,,,,,,
,,,,,,,,,,,,,,
,,,,,,,,,,,,,,
,,,,,,,,,,,,,,
,,,,,,,,,,,,,,
,,,,,,,,,,,,,,
,,,,,,,,,,,,,,
,,,,,,,,,,,,,,
,,,,,,,,,,,,,,
,,,,,,,,,,,,,,
,,,,,,,,,,,,,,
,,,,,,,,,,,,,,
,,,,,,,,,,,,,,
,,,,,,,,,,,,,,
,,,,,,,,,,,,,,
,,,,,,,,,,,,,,
,,,,,,,,,,,,,,
,,,,,,,,,,,,,,
,,,,,,,,,,,,,,
,,,,,,,,,,,,,,
,,,,,,,,,,,,,,
,,,,,,,,,,,,,,
,,,,,,,,,,,,,,
,,,,,,,,,,,,,,
,,,,,,,,,,,,,,
,,,,,,,,,,,,,,
,,,,,,,,,,,,,,
,,,,,,,,,,,,,,
,,,,,,,,,,,,,,
,,,,,,,,,,,,,,
,,,,,,,,,,,,,,
,,,,,,,,,,,,,,
,,,,,,,,,,,,,,
,,,,,,,,,,,,,,
,,,,,,,,,,,,,,
,,,,,,,,,,,,,,
,,,,,,,,,,,,,,
,,,,,,,,,,,,,,
,,,,,,,,,,,,,,
,,,,,,,,,,,,,,
,,,,,,,,,,,,,,
,,,,,,,,,,,,,,
,,,,,,,,,,,,,,
,,,,,,,,,,,,,,
,,,,,,,,,,,,,,
,,,,,,,,,,,,,,
,,,,,,,,,,,,,,
,,,,,,,,,,,,,,
,,,,,,,,,,,,,,
,,,,,,,,,,,,,,
,,,,,,,,,,,,,,
,,,,,,,,,,,,,,
,,,,,,,,,,,,,,
,,,,,,,,,,,,,,
,,,,,,,,,,,,,,
,,,,,,,,,,,,,,
,,,,,,,,,,,,,,
,,,,,,,,,,,,,,
,,,,,,,,,,,,,,
,,,,,,,,,,,,,,
,,,,,,,,,,,,,,
,,,,,,,,,,,,,,
,,,,,,,,,,,,,,
,,,,,,,,,,,,,,
,,,,,,,,,,,,,,
,,,,,,,,,,,,,,
,,,,,,,,,,,,,,
,,,,,,,,,,,,,,
,,,,,,,,,,,,,,
,,,,,,,,,,,,,,
,,,,,,,,,,,,,,
,,,,,,,,,,,,,,
,,,,,,,,,,,,,,
,,,,,,,,,,,,,,
,,,,,,,,,,,,,,
,,,,,,,,,,,,,,
,,,,,,,,,,,,,,
,,,,,,,,,,,,,,
,,,,,,,,,,,,,,
,,,,,,,,,,,,,,
,,,,,,,,,,,,,,
,,,,,,,,,,,,,,
,,,,,,,,,,,,,,
,,,,,,,,,,,,,,
,,,,,,,,,,,,,,
,,,,,,,,,,,,,,
,,,,,,,,,,,,,,
,,,,,,,,,,,,,,
,,,,,,,,,,,,,,
,,,,,,,,,,,,,,
,,,,,,,,,,,,,,
,,,,,,,,,,,,,,
,,,,,,,,,,,,,,
,,,,,,,,,,,,,,
,,,,,,,,,,,,,,
,,,,,,,,,,,,,,
,,,,,,,,,,,,,,
,,,,,,,,,,,,,,
,,,,,,,,,,,,,,
,,,,,,,,,,,,,,
,,,,,,,,,,,,,,
,,,,,,,,,,,,,,
,,,,,,,,,,,,,,
,,,,,,,,,,,,,,
,,,,,,,,,,,,,,
,,,,,,,,,,,,,,
,,,,,,,,,,,,,,
,,,,,,,,,,,,,,
,,,,,,,,,,,,,,
,,,,,,,,,,,,,,
,,,,,,,,,,,,,,
,,,,,,,,,,,,,,
,,,,,,,,,,,,,,
,,,,,,,,,,,,,,
,,,,,,,,,,,,,,
,,,,,,,,,,,,,,
,,,,,,,,,,,,,,
,,,,,,,,,,,,,,
,,,,,,,,,,,,,,
,,,,,,,,,,,,,,
,,,,,,,,,,,,,,
,,,,,,,,,,,,,,
,,,,,,,,,,,,,,
,,,,,,,,,,,,,,
,,,,,,,,,,,,,,
,,,,,,,,,,,,,,
,,,,,,,,,,,,,,
,,,,,,,,,,,,,,
,,,,,,,,,,,,,,
,,,,,,,,,,,,,,
,,,,,,,,,,,,,,
,,,,,,,,,,,,,,
,,,,,,,,,,,,,,
,,,,,,,,,,,,,,
,,,,,,,,,,,,,,
,,,,,,,,,,,,,,
,,,,,,,,,,,,,,
,,,,,,,,,,,,,,
,,,,,,,,,,,,,,
,,,,,,,,,,,,,,
,,,,,,,,,,,,,,
,,,,,,,,,,,,,,
,,,,,,,,,,,,,,
,,,,,,,,,,,,,,
,,,,,,,,,,,,,,
,,,,,,,,,,,,,,
,,,,,,,,,,,,,,
,,,,,,,,,,,,,,
,,,,,,,,,,,,,,
,,,,,,,,,,,,,,
,,,,,,,,,,,,,,
,,,,,,,,,,,,,,
,,,,,,,,,,,,,,
,,,,,,,,,,,,,,
,,,,,,,,,,,,,,
,,,,,,,,,,,,,,
,,,,,,,,,,,,,,
,,,,,,,,,,,,,,
,,,,,,,,,,,,,,
,,,,,,,,,,,,,,
,,,,,,,,,,,,,,
,,,,,,,,,,,,,,
,,,,,,,,,,,,,,
,,,,,,,,,,,,,,
,,,,,,,,,,,,,,
,,,,,,,,,,,,,,
,,,,,,,,,,,,,,
,,,,,,,,,,,,,,
,,,,,,,,,,,,,,
,,,,,,,,,,,,,,
,,,,,,,,,,,,,,
,,,,,,,,,,,,,,
,,,,,,,,,,,,,,
,,,,,,,,,,,,,,
,,,,,,,,,,,,,,
,,,,,,,,,,,,,,
,,,,,,,,,,,,,,
,,,,,,,,,,,,,,
,,,,,,,,,,,,,,
,,,,,,,,,,,,,,
,,,,,,,,,,,,,,
,,,,,,,,,,,,,,
,,,,,,,,,,,,,,
,,,,,,,,,,,,,,
,,,,,,,,,,,,,,
,,,,,,,,,,,,,,
,,,,,,,,,,,,,,
,,,,,,,,,,,,,,
,,,,,,,,,,,,,,
,,,,,,,,,,,,,,
,,,,,,,,,,,,,,
,,,,,,,,,,,,,,
,,,,,,,,,,,,,,
,,,,,,,,,,,,,,
,,,,,,,,,,,,,,
,,,,,,,,,,,,,,
,,,,,,,,,,,,,,
,,,,,,,,,,,,,,
,,,,,,,,,,,,,,
,,,,,,,,,,,,,,
,,,,,,,,,,,,,,
,,,,,,,,,,,,,,
,,,,,,,,,,,,,,
,,,,,,,,,,,,,,
,,,,,,,,,,,,,,
,,,,,,,,,,,,,,
,,,,,,,,,,,,,,
,,,,,,,,,,,,,,
,,,,,,,,,,,,,,
,,,,,,,,,,,,,,
,,,,,,,,,,,,,,
,,,,,,,,,,,,,,
,,,,,,,,,,,,,,
,,,,,,,,,,,,,,
,,,,,,,,,,,,,,
,,,,,,,,,,,,,,
,,,,,,,,,,,,,,
,,,,,,,,,,,,,,
,,,,,,,,,,,,,,
,,,,,,,,,,,,,,
,,,,,,,,,,,,,,
,,,,,,,,,,,,,,
,,,,,,,,,,,,,,
,,,,,,,,,,,,,,
,,,,,,,,,,,,,,
,,,,,,,,,,,,,,
,,,,,,,,,,,,,,
,,,,,,,,,,,,,,
,,,,,,,,,,,,,,
,,,,,,,,,,,,,,
,,,,,,,,,,,,,,
,,,,,,,,,,,,,,
,,,,,,,,,,,,,,
,,,,,,,,,,,,,,
,,,,,,,,,,,,,,
,,,,,,,,,,,,,,
,,,,,,,,,,,,,,
,,,,,,,,,,,,,,
,,,,,,,,,,,,,,
,,,,,,,,,,,,,,
,,,,,,,,,,,,,,
,,,,,,,,,,,,,,
,,,,,,,,,,,,,,
,,,,,,,,,,,,,,
,,,,,,,,,,,,,,
,,,,,,,,,,,,,,
,,,,,,,,,,,,,,
,,,,,,,,,,,,,,
,,,,,,,,,,,,,,
,,,,,,,,,,,,,,
,,,,,,,,,,,,,,
,,,,,,,,,,,,,,
,,,,,,,,,,,,,,
,,,,,,,,,,,,,,
,,,,,,,,,,,,,,
,,,,,,,,,,,,,,
,,,,,,,,,,,,,,
,,,,,,,,,,,,,,
,,,,,,,,,,,,,,
,,,,,,,,,,,,,,
,,,,,,,,,,,,,,
,,,,,,,,,,,,,,
,,,,,,,,,,,,,,
,,,,,,,,,,,,,,
,,,,,,,,,,,,,,
,,,,,,,,,,,,,,
,,,,,,,,,,,,,,
,,,,,,,,,,,,,,
,,,,,,,,,,,,,,
,,,,,,,,,,,,,,
,,,,,,,,,,,,,,
,,,,,,,,,,,,,,
,,,,,,,,,,,,,,
,,,,,,,,,,,,,,
,,,,,,,,,,,,,,
,,,,,,,,,,,,,,
,,,,,,,,,,,,,,
,,,,,,,,,,,,,,
,,,,,,,,,,,,,,
,,,,,,,,,,,,,,
,,,,,,,,,,,,,,
,,,,,,,,,,,,,,
,,,,,,,,,,,,,,
,,,,,,,,,,,,,,
,,,,,,,,,,,,,,
,,,,,,,,,,,,,,
,,,,,,,,,,,,,,
,,,,,,,,,,,,,,
,,,,,,,,,,,,,,
,,,,,,,,,,,,,,
,,,,,,,,,,,,,,
,,,,,,,,,,,,,,
,,,,,,,,,,,,,,
,,,,,,,,,,,,,,
,,,,,,,,,,,,,,
,,,,,,,,,,,,,,
,,,,,,,,,,,,,,
,,,,,,,,,,,,,,
,,,,,,,,,,,,,,
,,,,,,,,,,,,,,
,,,,,,,,,,,,,,
,,,,,,,,,,,,,,
,,,,,,,,,,,,,,
,,,,,,,,,,,,,,
,,,,,,,,,,,,,,
,,,,,,,,,,,,,,
,,,,,,,,,,,,,,
,,,,,,,,,,,,,,
,,,,,,,,,,,,,,
,,,,,,,,,,,,,,
,,,,,,,,,,,,,,
,,,,,,,,,,,,,,
,,,,,,,,,,,,,,
,,,,,,,,,,,,,,
,,,,,,,,,,,,,,
,,,,,,,,,,,,,,
,,,,,,,,,,,,,,
,,,,,,,,,,,,,,
,,,,,,,,,,,,,,
,,,,,,,,,,,,,,
,,,,,,,,,,,,,,
,,,,,,,,,,,,,,
,,,,,,,,,,,,,,
,,,,,,,,,,,,,,
,,,,,,,,,,,,,,
,,,,,,,,,,,,,,
,,,,,,,,,,,,,,
,,,,,,,,,,,,,,
,,,,,,,,,,,,,,
,,,,,,,,,,,,,,
,,,,,,,,,,,,,,
,,,,,,,,,,,,,,
,,,,,,,,,,,,,,
,,,,,,,,,,,,,,
,,,,,,,,,,,,,,
,,,,,,,,,,,,,,
,,,,,,,,,,,,,,
,,,,,,,,,,,,,,
,,,,,,,,,,,,,,
,,,,,,,,,,,,,,
,,,,,,,,,,,,,,
,,,,,,,,,,,,,,
,,,,,,,,,,,,,,
,,,,,,,,,,,,,,
,,,,,,,,,,,,,,
,,,,,,,,,,,,,,
,,,,,,,,,,,,,,
,,,,,,,,,,,,,,
,,,,,,,,,,,,,,
,,,,,,,,,,,,,,
,,,,,,,,,,,,,,
,,,,,,,,,,,,,,
,,,,,,,,,,,,,,
,,,,,,,,,,,,,,
,,,,,,,,,,,,,,
,,,,,,,,,,,,,,
,,,,,,,,,,,,,,
,,,,,,,,,,,,,,
,,,,,,,,,,,,,,
,,,,,,,,,,,,,,
,,,,,,,,,,,,,,
,,,,,,,,,,,,,,
,,,,,,,,,,,,,,
,,,,,,,,,,,,,,
,,,,,,,,,,,,,,
,,,,,,,,,,,,,,
,,,,,,,,,,,,,,
,,,,,,,,,,,,,,
,,,,,,,,,,,,,,
,,,,,,,,,,,,,,
,,,,,,,,,,,,,,
,,,,,,,,,,,,,,
,,,,,,,,,,,,,,
,,,,,,,,,,,,,,
,,,,,,,,,,,,,,
,,,,,,,,,,,,,,
,,,,,,,,,,,,,,
,,,,,,,,,,,,,,
,,,,,,,,,,,,,,
,,,,,,,,,,,,,,
,,,,,,,,,,,,,,
,,,,,,,,,,,,,,
,,,,,,,,,,,,,,
,,,,,,,,,,,,,,
,,,,,,,,,,,,,,
,,,,,,,,,,,,,,
,,,,,,,,,,,,,,
,,,,,,,,,,,,,,
,,,,,,,,,,,,,,
,,,,,,,,,,,,,,
,,,,,,,,,,,,,,
,,,,,,,,,,,,,,
,,,,,,,,,,,,,,
,,,,,,,,,,,,,,
,,,,,,,,,,,,,,
,,,,,,,,,,,,,,
,,,,,,,,,,,,,,
,,,,,,,,,,,,,,
,,,,,,,,,,,,,,
,,,,,,,,,,,,,,
,,,,,,,,,,,,,,
,,,,,,,,,,,,,,
,,,,,,,,,,,,,,
,,,,,,,,,,,,,,
,,,,,,,,,,,,,,
,,,,,,,,,,,,,,
,,,,,,,,,,,,,,
,,,,,,,,,,,,,,
,,,,,,,,,,,,,,
,,,,,,,,,,,,,,
,,,,,,,,,,,,,,
,,,,,,,,,,,,,,
,,,,,,,,,,,,,,
,,,,,,,,,,,,,,
,,,,,,,,,,,,,,
,,,,,,,,,,,,,,
,,,,,,,,,,,,,,
,,,,,,,,,,,,,,
,,,,,,,,,,,,,,
,,,,,,,,,,,,,,
,,,,,,,,,,,,,,
,,,,,,,,,,,,,,
,,,,,,,,,,,,,,
,,,,,,,,,,,,,,
,,,,,,,,,,,,,,
,,,,,,,,,,,,,,
,,,,,,,,,,,,,,
,,,,,,,,,,,,,,
,,,,,,,,,,,,,,
,,,,,,,,,,,,,,
,,,,,,,,,,,,,,
,,,,,,,,,,,,,,
,,,,,,,,,,,,,,
,,,,,,,,,,,,,,
,,,,,,,,,,,,,,
,,,,,,,,,,,,,,
,,,,,,,,,,,,,,
,,,,,,,,,,,,,,
,,,,,,,,,,,,,,
,,,,,,,,,,,,,,
,,,,,,,,,,,,,,
,,,,,,,,,,,,,,
,,,,,,,,,,,,,,
,,,,,,,,,,,,,,
,,,,,,,,,,,,,,
,,,,,,,,,,,,,,
,,,,,,,,,,,,,,
,,,,,,,,,,,,,,
,,,,,,,,,,,,,,
,,,,,,,,,,,,,,
,,,,,,,,,,,,,,
,,,,,,,,,,,,,,
,,,,,,,,,,,,,,
,,,,,,,,,,,,,,
,,,,,,,,,,,,,,
,,,,,,,,,,,,,,
,,,,,,,,,,,,,,
,,,,,,,,,,,,,,
,,,,,,,,,,,,,,
,,,,,,,,,,,,,,
,,,,,,,,,,,,,,
,,,,,,,,,,,,,,
,,,,,,,,,,,,,,
,,,,,,,,,,,,,,
,,,,,,,,,,,,,,
,,,,,,,,,,,,,,
,,,,,,,,,,,,,,
,,,,,,,,,,,,,,
,,,,,,,,,,,,,,
,,,,,,,,,,,,,,
,,,,,,,,,,,,,,
,,,,,,,,,,,,,,
,,,,,,,,,,,,,,
,,,,,,,,,,,,,,
,,,,,,,,,,,,,,
,,,,,,,,,,,,,,
,,,,,,,,,,,,,,
,,,,,,,,,,,,,,
,,,,,,,,,,,,,,
,,,,,,,,,,,,,,
,,,,,,,,,,,,,,
,,,,,,,,,,,,,,
,,,,,,,,,,,,,,
,,,,,,,,,,,,,,
,,,,,,,,,,,,,,
,,,,,,,,,,,,,,
,,,,,,,,,,,,,,
,,,,,,,,,,,,,,
,,,,,,,,,,,,,,
,,,,,,,,,,,,,,
,,,,,,,,,,,,,,
,,,,,,,,,,,,,,
,,,,,,,,,,,,,,
,,,,,,,,,,,,,,
,,,,,,,,,,,,,,
,,,,,,,,,,,,,,
,,,,,,,,,,,,,,
,,,,,,,,,,,,,,
,,,,,,,,,,,,,,
,,,,,,,,,,,,,,
,,,,,,,,,,,,,,
,,,,,,,,,,,,,,
,,,,,,,,,,,,,,
,,,,,,,,,,,,,,
,,,,,,,,,,,,,,
,,,,,,,,,,,,,,
,,,,,,,,,,,,,,
,,,,,,,,,,,,,,
,,,,,,,,,,,,,,
,,,,,,,,,,,,,,
,,,,,,,,,,,,,,
,,,,,,,,,,,,,,
,,,,,,,,,,,,,,
,,,,,,,,,,,,,,
,,,,,,,,,,,,,,
,,,,,,,,,,,,,,
,,,,,,,,,,,,,,
,,,,,,,,,,,,,,
,,,,,,,,,,,,,,
,,,,,,,,,,,,,,
,,,,,,,,,,,,,,
,,,,,,,,,,,,,,
,,,,,,,,,,,,,,
,,,,,,,,,,,,,,
,,,,,,,,,,,,,,
,,,,,,,,,,,,,,
,,,,,,,,,,,,,,
,,,,,,,,,,,,,,
,,,,,,,,,,,,,,
,,,,,,,,,,,,,,
,,,,,,,,,,,,,,
,,,,,,,,,,,,,,
,,,,,,,,,,,,,,
,,,,,,,,,,,,,,
,,,,,,,,,,,,,,
,,,,,,,,,,,,,,
,,,,,,,,,,,,,,
,,,,,,,,,,,,,,
,,,,,,,,,,,,,,
,,,,,,,,,,,,,,
,,,,,,,,,,,,,,
,,,,,,,,,,,,,,
,,,,,,,,,,,,,,
,,,,,,,,,,,,,,
,,,,,,,,,,,,,,
,,,,,,,,,,,,,,
,,,,,,,,,,,,,,
,,,,,,,,,,,,,,
,,,,,,,,,,,,,,
,,,,,,,,,,,,,,
,,,,,,,,,,,,,,
,,,,,,,,,,,,,,
,,,,,,,,,,,,,,
,,,,,,,,,,,,,,
,,,,,,,,,,,,,,
,,,,,,,,,,,,,,
,,,,,,,,,,,,,,
,,,,,,,,,,,,,,
,,,,,,,,,,,,,,
,,,,,,,,,,,,,,
,,,,,,,,,,,,,,
,,,,,,,,,,,,,,
,,,,,,,,,,,,,,
,,,,,,,,,,,,,,
,,,,,,,,,,,,,,
,,,,,,,,,,,,,,
,,,,,,,,,,,,,,
,,,,,,,,,,,,,,
,,,,,,,,,,,,,,
,,,,,,,,,,,,,,
,,,,,,,,,,,,,,
,,,,,,,,,,,,,,
,,,,,,,,,,,,,,
,,,,,,,,,,,,,,
,,,,,,,,,,,,,,
,,,,,,,,,,,,,,
,,,,,,,,,,,,,,
,,,,,,,,,,,,,,
,,,,,,,,,,,,,,
,,,,,,,,,,,,,,
,,,,,,,,,,,,,,
,,,,,,,,,,,,,,
,,,,,,,,,,,,,,
,,,,,,,,,,,,,,
,,,,,,,,,,,,,,
,,,,,,,,,,,,,,
,,,,,,,,,,,,,,
,,,,,,,,,,,,,,
,,,,,,,,,,,,,,
