datum,M01AB,M01AE,N02BA,N02BE,N05B,N05C,R03,R06,Year,Month,Hour,Weekday Name
1/2/2014,0,3.67,3.4,32.4,7,0,0,2,2014,1,248,Thursday
1/3/2014,8,4,4.4,50.6,16,0,20,4,2014,1,276,Friday
1/4/2014,2,1,6.5,61.85,10,0,9,1,2014,1,276,Saturday
1/5/2014,4,3,7,41.1,8,0,3,0,2014,1,276,Sunday
1/6/2014,5,1,4.5,21.7,16,2,6,2,2014,1,276,Monday
1/7/2014,0,0,0,0,0,0,0,0,2014,1,276,Tuesday
1/8/2014,5.33,3,10.5,26.4,19,1,10,0,2014,1,276,Wednesday
1/9/2014,7,1.68,8,25,16,0,3,2,2014,1,276,Thursday
1/10/2014,5,2,2,53.3,15,2,0,2,2014,1,276,Friday
1/11/2014,5,4.34,10.4,52.3,14,0,1,0.2,2014,1,276,Saturday
1/12/2014,2,0.66,2.5,12,8,0,1,1,2014,1,276,Sunday
1/13/2014,7.34,7.66,6.2,52,9,0,7,1,2014,1,276,Monday
1/14/2014,6,1.33,12.3,33.7,6,1,0,2,2014,1,276,Tuesday
1/15/2014,4,2.34,5,26.7,12,2,3,3,2014,1,276,Wednesday
1/16/2014,6,2,4.3,28.3,19,1,5,0,2014,1,276,Thursday
1/17/2014,2,3.68,8.3,20.4,15,0,6,3,2014,1,276,Friday
1/18/2014,1,5.33,5.8,43.2,15,4,7,2,2014,1,276,Saturday
1/19/2014,4.33,4,4,14.1,4,0,1,1,2014,1,276,Sunday
1/20/2014,6,3.34,3.3,11.9,18,2,12,3,2014,1,276,Monday
1/21/2014,2,3.34,4,42,15,2,0,1,2014,1,276,Tuesday
1/22/2014,7,3,7,18.1,10,0,5,2,2014,1,276,Wednesday
1/23/2014,4,4.67,5.2,26.2,2,3,1,3,2014,1,276,Thursday
1/24/2014,4.67,7.34,7,19.6,13,1,0,0,2014,1,276,Friday
1/25/2014,6,9,5,37.8,18,0,5,1,2014,1,276,Saturday
1/26/2014,4.33,1.68,0,24,4,0,0,0,2014,1,276,Sunday
1/27/2014,4.34,4.67,1.2,23.6,17,2,1,3,2014,1,276,Monday
1/28/2014,6,3.34,2.8,13.38,22,5,1,5,2014,1,276,Tuesday
1/29/2014,5.33,4,2,14,10,1,1,2,2014,1,276,Wednesday
1/30/2014,3.02,1.34,2.4,25.5,7,1,3,2,2014,1,276,Thursday
1/31/2014,1,2.68,7.1,26.9,9,0,1,0,2014,1,276,Friday
2/1/2014,4.33,4.32,5,43,13,1,14,0,2014,2,276,Saturday
2/2/2014,7,3,0.2,13.5,6,2,8,0,2014,2,276,Sunday
2/3/2014,5,1,8.5,32.4,16,1,1,0,2014,2,276,Monday
2/4/2014,1.33,3,7,30.6,8,1,17,2,2014,2,276,Tuesday
2/5/2014,3,4.02,6.2,32.4,15,1,1,1,2014,2,276,Wednesday
2/6/2014,3.33,6.68,3.5,41.4,17,2,5,2,2014,2,276,Thursday
2/7/2014,2.66,8.67,11.7,21.4,19,1,0,0,2014,2,276,Friday
2/8/2014,3.33,3.35,14.4,37.1,13,1,1,1,2014,2,276,Saturday
2/9/2014,4,3,2,31.5,10,0,6,0,2014,2,276,Sunday
2/10/2014,5,10.33,8.5,40.1,20,3,3,1,2014,2,276,Monday
2/11/2014,10,6.99,13.3,44.6,20,2,6,2.2,2014,2,276,Tuesday
2/12/2014,9,1.67,9.1,73.6,9,0,5,0,2014,2,276,Wednesday
2/13/2014,4.33,3.67,10,49.1,13,3,0,1,2014,2,276,Thursday
2/14/2014,4,4.01,3.2,42.3,13,4,0,6,2014,2,276,Friday
2/15/2014,1,2.34,2,37,9,0,1,5,2014,2,276,Saturday
2/16/2014,0,1.68,1.2,34,5,2,3,1,2014,2,276,Sunday
2/17/2014,7.34,4,12.7,27,13,1,7,0,2014,2,276,Monday
2/18/2014,7.34,7.36,6.1,45,14,0,13,5,2014,2,276,Tuesday
2/19/2014,3.33,5.02,5.5,66.8,17,1,6,1,2014,2,276,Wednesday
2/20/2014,7,7.02,3.2,21.5,16,3,8,1,2014,2,276,Thursday
2/21/2014,6,4.34,9,25.4,17,0,0,0,2014,2,276,Friday
2/22/2014,7,3.17,5.7,26,12,0,1,0,2014,2,276,Saturday
2/23/2014,1,3.34,2,21,10,0,0,0,2014,2,276,Sunday
2/24/2014,7,4.68,5.5,26.5,4,0,0,3,2014,2,276,Monday
2/25/2014,5,1.68,11.2,34.5,13,0,0,2,2014,2,276,Tuesday
2/26/2014,5,4.01,1,34,5,0,12,1,2014,2,276,Wednesday
2/27/2014,3,6.34,4,33.2,8,1,2,1,2014,2,276,Thursday
2/28/2014,7,7.36,5.3,37,12,1,2,0,2014,2,276,Friday
3/1/2014,6.34,3.68,11.355,50.7,8,0,0,2.1,2014,3,276,Saturday
3/2/2014,3.34,1,2,6.6,2,0,0,1,2014,3,276,Sunday
3/3/2014,4,3.68,1.6,22.1,1,2,0,2.2,2014,3,276,Monday
3/4/2014,5.34,7.02,7.2,47.275,9,0,5,4,2014,3,276,Tuesday
3/5/2014,3.34,1,3,25,4,0,1,0,2014,3,276,Wednesday
3/6/2014,3,2,5.5,44.1,17,1,5,1,2014,3,276,Thursday
3/7/2014,4,4.34,9.5,25,3,1,0,2,2014,3,276,Friday
3/8/2014,4.34,3.07,1,27.6,11,0,0,0,2014,3,276,Saturday
3/9/2014,1,0,4,11.3,3,0,5,0,2014,3,276,Sunday
3/10/2014,6.68,5.35,3.8,47,11,0,0,2,2014,3,276,Monday
3/11/2014,6,5.7,7,30.4,12,1,1,5,2014,3,276,Tuesday
3/12/2014,6.34,2.68,6.5,19.6,22,3,2,2,2014,3,276,Wednesday
3/13/2014,2.31,4.36,5.3,15.5,10,0,26,2,2014,3,276,Thursday
3/14/2014,4.34,1.68,1.2,16,11,0,1,2,2014,3,276,Friday
3/15/2014,4,2,11,23.3,18,1,6,2,2014,3,276,Saturday
3/16/2014,2.68,2,1.4,13,6,0,0,4,2014,3,276,Sunday
3/17/2014,8.68,3.34,7,37,6,1,0,1,2014,3,276,Monday
3/18/2014,8,4,5,20.1,9,0,0,4,2014,3,276,Tuesday
3/19/2014,4,3.02,4,21.8,2,0,0,2,2014,3,276,Wednesday
3/20/2014,3,5.34,1.6,38.2,5,0,7,4.2,2014,3,276,Thursday
3/21/2014,6,3.68,4.5,40,4,0,2,1,2014,3,276,Friday
3/22/2014,3.34,2.34,0,26.3,10,2,18,8.4,2014,3,276,Saturday
3/23/2014,6.34,2,4,19.4,0,1,0,3,2014,3,276,Sunday
3/24/2014,5.68,1,4,23.6,7,0,6,3.5,2014,3,276,Monday
3/25/2014,4,1.34,9,38.6,7,0,1,1,2014,3,276,Tuesday
3/26/2014,2.34,3.99,9,6.7,7,3,3,0,2014,3,276,Wednesday
3/27/2014,4,0.33,2,20.7,6,1,1,5,2014,3,276,Thursday
3/28/2014,2.67,2,8,11,3,0,9,5,2014,3,276,Friday
3/29/2014,4,6.33,4.2,24,8,2,9,3,2014,3,276,Saturday
3/30/2014,3,2.34,0,12,4,0,0,7,2014,3,276,Sunday
3/31/2014,5.34,2.34,4,15.4,6,1,4,6,2014,3,276,Monday
4/1/2014,4.34,1.34,6.5,27.5,5,3,3,1,2014,4,276,Tuesday
4/2/2014,2,4.68,8.9,23,1,0,7,3,2014,4,276,Wednesday
4/3/2014,1,1.34,3,19.2,4,0,0,4,2014,4,276,Thursday
4/4/2014,3,3.67,3,24,9,3,8,2,2014,4,276,Friday
4/5/2014,2,7.68,10,25.6,5,0,5,3,2014,4,276,Saturday
4/6/2014,2,1,1,19,1,0,0,1,2014,4,276,Sunday
4/7/2014,6.34,6,6.5,31.5,4,0,0,1,2014,4,276,Monday
4/8/2014,4.34,2.34,1.7,19,6,1,0,4.7,2014,4,276,Tuesday
4/9/2014,6,1.02,1,18,2,1,2,2.6,2014,4,276,Wednesday
4/10/2014,3.33,1.68,1,18,10,0,4,4,2014,4,276,Thursday
4/11/2014,6,4,3,25,2,2,0,2,2014,4,276,Friday
4/12/2014,7.02,3.34,6,23.5,19,0,11,4,2014,4,276,Saturday
4/13/2014,3,2,2,6,3,0,5,2,2014,4,276,Sunday
4/14/2014,1.34,4.68,5.35,28.28,10,0,5,5,2014,4,276,Monday
4/15/2014,4.34,3,6.4,18.7,12,0,10,1,2014,4,276,Tuesday
4/16/2014,2,1.01,4.2,25.62,1,0,6,4,2014,4,276,Wednesday
4/17/2014,5.34,0.34,7.2,16,19,0,0,0,2014,4,276,Thursday
4/18/2014,7,7,8,23.3,10,1,0,5,2014,4,276,Friday
4/19/2014,7.34,3.35,4,22.3,7,0,3,5,2014,4,276,Saturday
4/20/2014,0,0,0,0,0,0,0,0,2014,4,276,Sunday
4/21/2014,1.34,1.68,2.1,13.5,8,0,0,1,2014,4,276,Monday
4/22/2014,5.34,7.165,3.3,32,8,1,0,1,2014,4,276,Tuesday
4/23/2014,6.34,2.34,3,24.9,8,1,2,1,2014,4,276,Wednesday
4/24/2014,2,2,1.1,26,6,0,6,2,2014,4,276,Thursday
4/25/2014,3,2.02,5,24.9,10,1,1,3,2014,4,276,Friday
4/26/2014,4.34,2.67,5.5,35,12,1,6,4,2014,4,276,Saturday
4/27/2014,4,2.34,2,26.2,2,0,1,1,2014,4,276,Sunday
4/28/2014,1.34,3.09,3,29.1,8,2,0,2,2014,4,276,Monday
4/29/2014,3.33,4.02,4.4,30.3,6,1,5,0.4,2014,4,276,Tuesday
4/30/2014,4.34,2.68,7,43.1,11,0,7,4,2014,4,276,Wednesday
5/1/2014,0,0,0,0,0,0,0,0,2014,5,276,Thursday
5/2/2014,7.34,7.34,6.3,39.5,16,1,12,2,2014,5,276,Friday
5/3/2014,4,5.34,2,14.6,5,2,0,2.5,2014,5,276,Saturday
5/4/2014,1.67,4.69,1.2,20,3,0,0,3,2014,5,276,Sunday
5/5/2014,3,5.785,5,20,7,0,3,4,2014,5,276,Monday
5/6/2014,7.34,4.36,4,22,10,2,6,5,2014,5,276,Tuesday
5/7/2014,3.33,6.32,3,16.8,8,1,3,11,2014,5,276,Wednesday
5/8/2014,2,2.34,3.4,20.4,10,3,0,5,2014,5,276,Thursday
5/9/2014,2,5,4.2,16,12,2,1,2,2014,5,276,Friday
5/10/2014,5,6,9,39.4,15,3,1,5,2014,5,276,Saturday
5/11/2014,2,2.68,1,17,7,0,1,4,2014,5,276,Sunday
5/12/2014,4.34,3.34,9,12,8,0,5,2,2014,5,276,Monday
5/13/2014,3.68,0.34,6.2,32,7,0,25,7.5,2014,5,276,Tuesday
5/14/2014,1,4.02,6,24.3,4,0,0,3,2014,5,276,Wednesday
5/15/2014,2.34,2.02,3,19.3,7,0,1,2,2014,5,276,Thursday
5/16/2014,5.34,7,3,22,10,1,11,1,2014,5,276,Friday
5/17/2014,2.34,7.68,3,35,14,1,0,2,2014,5,276,Saturday
5/18/2014,3.34,2,5,9.4,6,0,0,1,2014,5,276,Sunday
5/19/2014,8.34,3.84,6.1,12.8,5,0,3,9,2014,5,276,Monday
5/20/2014,1,2.375,7,27,10,1,0,3.6,2014,5,276,Tuesday
5/21/2014,2,4.68,9.5,15.4,6,1,0,3,2014,5,276,Wednesday
5/22/2014,3.68,1.33,1.2,8,8,0,2,4,2014,5,276,Thursday
5/23/2014,5,2.34,3.9,17.5,8,2,10,7,2014,5,276,Friday
5/24/2014,3,4.713,5,28,11,1,0,9,2014,5,276,Saturday
5/25/2014,2,3,1,7,8,0,5,1,2014,5,276,Sunday
5/26/2014,2.68,3.34,7.4,18,7,1,0,5,2014,5,276,Monday
5/27/2014,0,2.34,5,28.6,12,1,1,6,2014,5,276,Tuesday
5/28/2014,1.34,5.02,1.4,10.28,9,0,2,5.1,2014,5,276,Wednesday
5/29/2014,4,5.34,6.3,27,13,0,0,2,2014,5,276,Thursday
5/30/2014,3.02,2.02,2,21.5,14,0,0,5,2014,5,276,Friday
5/31/2014,5.67,3.34,2,28,10,0,15,2,2014,5,276,Saturday
6/1/2014,1,0.68,1,10,4,1,1,3,2014,6,276,Sunday
6/2/2014,4,4.34,10,23.3,16,3,0,3,2014,6,276,Monday
6/3/2014,3,2,2.4,24,7,2,5,3,2014,6,276,Tuesday
6/4/2014,1,4.68,3.5,24,6,0,1,2.5,2014,6,276,Wednesday
6/5/2014,0.34,4.68,4.5,22.5,4,0,0,5,2014,6,276,Thursday
6/6/2014,5,1.68,3,16.625,15,2,1,5,2014,6,276,Friday
6/7/2014,9,3.68,7.5,33,8,1,6,7,2014,6,276,Saturday
6/8/2014,1,2,3,11,8,0,6,2,2014,6,276,Sunday
6/9/2014,6.33,1.34,5,18,17,4,0,11,2014,6,276,Monday
6/10/2014,8.68,2.68,4.3,23,16,2,2,6.5,2014,6,276,Tuesday
6/11/2014,4.34,0.68,2.3,12.5,16,2,12,9,2014,6,276,Wednesday
6/12/2014,4.34,3,1,15.8,12,0,2,3,2014,6,276,Thursday
6/13/2014,1,2.68,5,10,11,0,3,1,2014,6,276,Friday
6/14/2014,4,5.02,6,8,10,0,1,3,2014,6,276,Saturday
6/15/2014,0.34,2,0,8,5,0,0,3.3,2014,6,276,Sunday
6/16/2014,4.34,4.34,7.4,12.2,11,0,5,5,2014,6,276,Monday
6/17/2014,5,2.34,4,14,12,2,0,3,2014,6,276,Tuesday
6/18/2014,2,2,4.7,18,6,0,1,3,2014,6,276,Wednesday
6/19/2014,3,3.33,1,14,8,0,0,1,2014,6,276,Thursday
6/20/2014,7.34,2.02,3,14.5,9,0,3,6,2014,6,276,Friday
6/21/2014,6,5.68,2,16,12,3,0,3,2014,6,276,Saturday
6/22/2014,4,1.02,4,18,8,0,2,3,2014,6,276,Sunday
6/23/2014,2.34,7.68,3,25.2,12,0,2,3,2014,6,276,Monday
6/24/2014,3,5.14,4,16.2,23,0,2,4,2014,6,276,Tuesday
6/25/2014,8,5.34,7,33.8,19,0,0,1,2014,6,276,Wednesday
6/26/2014,3,2,11.3,19.3,14,0,0,1,2014,6,276,Thursday
6/27/2014,4.34,1,6,32.3,13,0,1,3,2014,6,276,Friday
6/28/2014,0.34,5.34,5,20,14,1,1,5,2014,6,276,Saturday
6/29/2014,0,1,1,10,1,0,0,1,2014,6,276,Sunday
6/30/2014,6,5.34,1,25,6,0,0,0,2014,6,276,Monday
7/1/2014,4.34,2.34,2,19,10,0,0,2,2014,7,276,Tuesday
7/2/2014,3,0.34,4,21.6,7,0,6,3,2014,7,276,Wednesday
7/3/2014,2.33,5.68,7,12.5,7,2,0,2,2014,7,276,Thursday
7/4/2014,4.34,4.7,7,10.5,14,0,2,3,2014,7,276,Friday
7/5/2014,3.34,4.34,6,37,11,1,0,0,2014,7,276,Saturday
7/6/2014,4,2,3,10.2,9,0,0,0,2014,7,276,Sunday
7/7/2014,2,3.34,4,13,11,0,0,4,2014,7,276,Monday
7/8/2014,6.34,2.34,3,14,3,0,5,1,2014,7,276,Tuesday
7/9/2014,3,6.34,5,13,6,4,0,2.2,2014,7,276,Wednesday
7/10/2014,2.33,4.66,8,21.2,32,0,5,4,2014,7,276,Thursday
7/11/2014,2,1.68,3.2,16.5,17,0,5,1,2014,7,276,Friday
7/12/2014,8.34,2.68,10.5,28.1,12,3,12,4,2014,7,276,Saturday
7/13/2014,2,1.34,1,17,2,0,0,0,2014,7,276,Sunday
7/14/2014,5,3.04,3,11.8,19,1,2,2,2014,7,276,Monday
7/15/2014,3.34,1.68,1,15.6,18,0,0,1.3,2014,7,276,Tuesday
7/16/2014,4,3.34,3,13,12,1,4,0,2014,7,276,Wednesday
7/17/2014,2,3,5,25,14,1,0,1,2014,7,276,Thursday
7/18/2014,9,2.34,1.5,14.2,6,3,0,4,2014,7,276,Friday
7/19/2014,7.33,7.02,6,8.4,10,0,6,6,2014,7,276,Saturday
7/20/2014,3,0.34,1,8,5,0,0,0.1,2014,7,276,Sunday
7/21/2014,3,4.68,8,20,13,1,0,2,2014,7,276,Monday
7/22/2014,5,5.68,3,9,7,0,1,2,2014,7,276,Tuesday
7/23/2014,2.67,6.37,2,8,19,0,0,3,2014,7,276,Wednesday
7/24/2014,5.34,2,4.4,23,5,0,0,2,2014,7,276,Thursday
7/25/2014,5,2.02,7.5,10,15,1,1,2,2014,7,276,Friday
7/26/2014,4,6.68,6.2,36.2,13,0,0,4,2014,7,276,Saturday
7/27/2014,3,1.34,2,10,5,0,6,1,2014,7,276,Sunday
7/28/2014,2,1.34,2,9.1,9,0,0,2,2014,7,276,Monday
7/29/2014,2.34,0.68,1,13,15,3,0,5,2014,7,276,Tuesday
7/30/2014,0.68,1.34,5,13.5,14,0,6,4.5,2014,7,276,Wednesday
7/31/2014,3,0.34,4,10.5,8,0,0,1,2014,7,276,Thursday
8/1/2014,2,1,2.2,14,17,1,0,1,2014,8,276,Friday
8/2/2014,5,2.01,6,29,12,0,5,3,2014,8,276,Saturday
8/3/2014,5,1,3,6,5,5,0,0,2014,8,276,Sunday
8/4/2014,4,5.02,6,21.5,14,0,0,4,2014,8,276,Monday
8/5/2014,2,1.34,3,17.1,9,0,0,0,2014,8,276,Tuesday
8/6/2014,6,5,1.4,17,7,1,1,1,2014,8,276,Wednesday
8/7/2014,3.34,2.68,3,33,13,1,0,2,2014,8,276,Thursday
8/8/2014,5.02,4.02,5,13,12,3,2,2,2014,8,276,Friday
8/9/2014,4,1.34,6,19,24,3,0,5.9,2014,8,276,Saturday
8/10/2014,4,0.34,4,3,4,0,0,2,2014,8,276,Sunday
8/11/2014,8,5.36,9.2,20,18,0,0,2,2014,8,276,Monday
8/12/2014,0,1.36,4.5,10,8,1,0,4.6,2014,8,276,Tuesday
8/13/2014,1.34,3.34,1,20.3,11,0,0,7,2014,8,276,Wednesday
8/14/2014,4,2.34,6,14.4,13,0,0,6,2014,8,276,Thursday
8/15/2014,4.34,4.02,7,13.2,15,2,3,2,2014,8,276,Friday
8/16/2014,8,2.43,5,19,27,2,0,1,2014,8,276,Saturday
8/17/2014,0.34,0.68,2,6.5,7,0,0,1,2014,8,276,Sunday
8/18/2014,4.34,6,3.1,16.5,21,3,10,2,2014,8,276,Monday
8/19/2014,11.34,6.35,5,16.1,13,1,3,1.1,2014,8,276,Tuesday
8/20/2014,5.34,5.34,1.4,9,10,2,0,1,2014,8,276,Wednesday
8/21/2014,3,1,2,18,16,1,0,2.2,2014,8,276,Thursday
8/22/2014,6.34,1.34,5,19,15,0,0,1,2014,8,276,Friday
8/23/2014,3,3.02,1,25.6,5,0,0,4,2014,8,276,Saturday
8/24/2014,3,2.175,3,7,12,0,1,0,2014,8,276,Sunday
8/25/2014,4.01,3.175,3,21.2,21,0,0,0,2014,8,276,Monday
8/26/2014,2.34,5.34,3,31,14,1,1,3,2014,8,276,Tuesday
8/27/2014,3.34,8.02,4,21,14,0,0,3,2014,8,276,Wednesday
8/28/2014,2.34,5.36,6,32.67,19,0,4,0,2014,8,276,Thursday
8/29/2014,6.34,3.68,5,26.28,18,1,0,3,2014,8,276,Friday
8/30/2014,3.68,3.02,7,13,13,1,0,4,2014,8,276,Saturday
8/31/2014,0,2.68,1,15,13,0,7,2,2014,8,276,Sunday
9/1/2014,3.34,1.715,1,15.5,15,0,0,5.5,2014,9,276,Monday
9/2/2014,2.34,4.68,5.2,20.14,7,0,2,3,2014,9,276,Tuesday
9/3/2014,7,6.34,4,22.18,12,0,2,3,2014,9,276,Wednesday
9/4/2014,5.68,5.34,3,17.6,21,1,0,1,2014,9,276,Thursday
9/5/2014,4,0.779,3,15.6,15,2,0,2,2014,9,276,Friday
9/6/2014,5.34,5,2.4,15.7,30,2,5,3.1,2014,9,276,Saturday
9/7/2014,2,5.515,5,7,9,0,0,1,2014,9,276,Sunday
9/8/2014,1,5.36,3.5,20.8,15,0,1,4,2014,9,276,Monday
9/9/2014,6.34,2.34,4,29.2,17,0,2,1.2,2014,9,276,Tuesday
9/10/2014,4.34,3.34,3.5,37.8,12,0,0,1,2014,9,276,Wednesday
9/11/2014,0,1.34,4,32.2,15,0,10,0,2014,9,276,Thursday
9/12/2014,2.68,2.67,1,20,19,0,8,1,2014,9,276,Friday
9/13/2014,3,5.36,4.4,56.85,20,0,1,3,2014,9,276,Saturday
9/14/2014,1.34,2,2,19.5,6,0,6,0,2014,9,276,Sunday
9/15/2014,1.34,3,5.4,28.2,9,0,1,0,2014,9,276,Monday
9/16/2014,4,2.68,0,59.3,13,0,0,0,2014,9,276,Tuesday
9/17/2014,2.34,6,4,39.6,11,2,19,4,2014,9,276,Wednesday
9/18/2014,3,2.02,1,44,7,0,0,1,2014,9,276,Thursday
9/19/2014,2,4.34,7.8,23,8,0,22,0,2014,9,276,Friday
9/20/2014,4.34,1.855,4.5,20.6,14,1,2,0,2014,9,276,Saturday
9/21/2014,1,3.02,6,12.4,7,0,0,3,2014,9,276,Sunday
9/22/2014,3.34,4,5.5,34.2,10,1,0,2,2014,9,276,Monday
9/23/2014,3,3.34,5.5,26,10,0,1,2,2014,9,276,Tuesday
9/24/2014,6,3.34,1.4,24.7,14,0,0,0,2014,9,276,Wednesday
9/25/2014,4.68,6.34,8.2,49.15,15,1,1,5,2014,9,276,Thursday
9/26/2014,4,3.68,3.5,38,22,2,0,1,2014,9,276,Friday
9/27/2014,4,2,6,46.3,18,0,0,4,2014,9,276,Saturday
9/28/2014,0.34,2.68,1,21.2,6,0,0,2,2014,9,276,Sunday
9/29/2014,7,3.68,2.3,29.8,12,0,10,4,2014,9,276,Monday
9/30/2014,10,5.34,4,61.3,10,2,22,2,2014,9,276,Tuesday
10/1/2014,2.34,0,2.4,44,15,0,11,2,2014,10,276,Wednesday
10/2/2014,2,4.99,5,23.9,11,0,2,1,2014,10,276,Thursday
10/3/2014,4.33,1.34,5.9,44.14,12,0,11,2,2014,10,276,Friday
10/4/2014,4.68,7.766,8,49.9,12,1,25,0,2014,10,276,Saturday
10/5/2014,2,3.34,3,19,1,0,0,3,2014,10,276,Sunday
10/6/2014,5.34,1.365,2.4,69.875,13,1,0,1,2014,10,276,Monday
10/7/2014,3,4.34,2.2,41.7,17,1,5,0,2014,10,276,Tuesday
10/8/2014,3.68,6,7,50,17,0,0,2,2014,10,276,Wednesday
10/9/2014,1,4.69,6,48.2,10,2,5,0,2014,10,276,Thursday
10/10/2014,4.34,2.68,9,28.8,24,3,6,0.5,2014,10,276,Friday
10/11/2014,3.34,3.68,5,35.9,15,0,0,5,2014,10,276,Saturday
10/12/2014,3,0.33,1.5,22.5,7,0,5,2,2014,10,276,Sunday
10/13/2014,1.68,4,6.2,31.9,11,0,1,2,2014,10,276,Monday
10/14/2014,3,5.41,4.8,31.8,7,0,11,0,2014,10,276,Tuesday
10/15/2014,1.33,6.35,3.5,23.7,14,1,2,4,2014,10,276,Wednesday
10/16/2014,6.775,3.5103125,2.9375,58.921875,9.0625,0.625,5,2.1875,2014,10,276,Thursday
10/17/2014,3,2.34,3.4,42,22,3,0,2,2014,10,276,Friday
10/18/2014,4,6,5.5,21.4,24,0,3,2,2014,10,276,Saturday
10/19/2014,3.33,3,2,13.9,9,0,6,1,2014,10,276,Sunday
10/20/2014,3.34,5.66,7.3,35.4,25,2,0,1,2014,10,276,Monday
10/21/2014,2.34,4.34,6.4,14.3,11,0,20,1,2014,10,276,Tuesday
10/22/2014,3.33,2,2.6,20.9,7,0,2,1,2014,10,276,Wednesday
10/23/2014,1.34,4.33,0,32.2,7,1,0,0,2014,10,276,Thursday
10/24/2014,3.67,2.67,6.3,49.4,18,0,5,1,2014,10,276,Friday
10/25/2014,2.33,5.14,1,31,21,0,2,5,2014,10,276,Saturday
10/26/2014,3.34,1,1.6,30.4,6,0,1,1,2014,10,276,Sunday
10/27/2014,8.34,4.55,4,25.3,17,1,3,0,2014,10,276,Monday
10/28/2014,4,3.48,10,40.4,23,0,0,2,2014,10,276,Tuesday
10/29/2014,5,1,6.6,41,20,2,27,1,2014,10,276,Wednesday
10/30/2014,0,1,5,20.3,11,1,2,0,2014,10,276,Thursday
10/31/2014,2,2.45,4,31,16,0,0,2,2014,10,276,Friday
11/1/2014,2.33,2.34,3.5,43.8,22,0,7,1,2014,11,276,Saturday
11/2/2014,4,0,1,2,3.5,0,0,1,2014,11,276,Sunday
11/3/2014,7,4.33,1,27.8,19,0,5,1,2014,11,276,Monday
11/4/2014,6.33,1,5.2,26.5,15,0,0,1,2014,11,276,Tuesday
11/5/2014,0,1.68,4,27,19,3,1,0,2014,11,276,Wednesday
11/6/2014,6,2.34,5.2,23.4,23,1,0,0,2014,11,276,Thursday
11/7/2014,6,10.34,5.5,15.8,32,1,0,1,2014,11,276,Friday
11/8/2014,12,7.02,6,34.4,24,0,17,2.2,2014,11,276,Saturday
11/9/2014,3.34,4.34,2.9,23,20,0,2,1,2014,11,276,Sunday
11/10/2014,1,5.32,3.3,24.3,13,0,7,1,2014,11,276,Monday
11/11/2014,8,4,2,23,18,0,8,2,2014,11,276,Tuesday
11/12/2014,3,5,4,25,16,0,3,0,2014,11,276,Wednesday
11/13/2014,8,2,5,33.2,10,0,0,2.2,2014,11,276,Thursday
11/14/2014,5.34,0,6,29.4,20,1,2,3,2014,11,276,Friday
11/15/2014,4.33,5.34,5,23.6,20,2,2,2,2014,11,276,Saturday
11/16/2014,2,2.68,6,18.6,13,1,0,0,2014,11,276,Sunday
11/17/2014,9,5.01,5.5,23,23,1,10,0.2,2014,11,276,Monday
11/18/2014,2.67,2,5,19.3,10.5,1,0,1,2014,11,276,Tuesday
11/19/2014,1.34,3.67,10,32,17,0,10,4,2014,11,276,Wednesday
11/20/2014,4,7,5,18.8,13,0,8,0,2014,11,276,Thursday
11/21/2014,1.34,1.34,3,22.4,16,0,2,1,2014,11,276,Friday
11/22/2014,6,2.34,3,23.7,15,1,8,1.4,2014,11,276,Saturday
11/23/2014,4,3.68,6,22.3,11,0,0,1.1,2014,11,276,Sunday
11/24/2014,4,3,6,30.6,19,1,1,2.1,2014,11,276,Monday
11/25/2014,5.36,1.68,2,19.2,18,0,2,3,2014,11,276,Tuesday
11/26/2014,3,5,6,21,13,3,11,2,2014,11,276,Wednesday
11/27/2014,7,3.67,2.3,21.2,9,1,4,3,2014,11,276,Thursday
11/28/2014,3.02,1.4,15,15.9,12,1,2,1,2014,11,276,Friday
11/29/2014,3,2.01,3.3,31,16,0,0,5,2014,11,276,Saturday
11/30/2014,5.68,1.33,5,22.6,9,1,0,2,2014,11,276,Sunday
12/1/2014,4.34,4.01,0,36.4,19,0,2,2,2014,12,276,Monday
12/2/2014,6.99,4.33,3.7,7.8,26,0,4,1,2014,12,276,Tuesday
12/3/2014,4,3.33,5,16.6,23,2,13,3.2,2014,12,276,Wednesday
12/4/2014,3,4.34,3.6,28.7,16,1,1,0,2014,12,276,Thursday
12/5/2014,2.02,5.68,1,28.1,15,1,1,2.2,2014,12,276,Friday
12/6/2014,3.34,3.68,1,12.4,9,0,7,1,2014,12,276,Saturday
12/7/2014,5,4.911,4,45.7,6,0,12,0,2014,12,276,Sunday
12/8/2014,1,3.33,2,20.3,9,0,0,0,2014,12,276,Monday
12/9/2014,1,2.34,7,27.28,12,1,0,2,2014,12,276,Tuesday
12/10/2014,3.34,3,2,51.2,28,3,6,0,2014,12,276,Wednesday
12/11/2014,2.34,5.33,7,16.3,21,2,0,0,2014,12,276,Thursday
12/12/2014,6.34,2.34,5.6,41.4,18,0,2,0,2014,12,276,Friday
12/13/2014,1,3.34,2.4,25.1,11,1,7,0,2014,12,276,Saturday
12/14/2014,10,2.34,4.4,40,10,0,6,1,2014,12,276,Sunday
12/15/2014,5.34,4.02,7.64,42.2,14,1,9,1,2014,12,276,Monday
12/16/2014,6.34,1.34,6.2,23,23,3,4,1,2014,12,276,Tuesday
12/17/2014,3,3.67,3.5,28,17,2,8,0,2014,12,276,Wednesday
12/18/2014,5,3.67,3,26.6,9,0,0,0,2014,12,276,Thursday
12/19/2014,0,0,0,0,0,0,0,0,2014,12,276,Friday
12/20/2014,1,3.66,2,31.3,9,0,0,3,2014,12,276,Saturday
12/21/2014,4.33,4.33,2,52.5,6,0,10,1,2014,12,276,Sunday
12/22/2014,3.34,4.68,2.284,19.6,43,1,13,4,2014,12,276,Monday
12/23/2014,10.5,3,4.6,40.4,13,2,15,0,2014,12,276,Tuesday
12/24/2014,1,3,1,41.6,16,0,2,2,2014,12,276,Wednesday
12/25/2014,8.34,2,9.5,31,16,0,2,2,2014,12,276,Thursday
12/26/2014,3.33,4.01,3,30.7,25,1,0,0,2014,12,276,Friday
12/27/2014,7.33,5.34,4.4,39,26,0,9,3,2014,12,276,Saturday
12/28/2014,2.34,10.76,3,80.4,15,0,13,1,2014,12,276,Sunday
12/29/2014,2.33,3.66,4,40,5,1,2,0,2014,12,276,Monday
12/30/2014,9,5.63,3.8,51,18,0,5,2,2014,12,276,Tuesday
12/31/2014,5.67,6.33,2.5,41.08,14,3,10,1,2014,12,276,Wednesday
1/1/2015,0,0,0,0,0,0,0,0,2015,1,276,Thursday
1/2/2015,6,5.33,4.9,50.8,13,0,6.25,2,2015,1,276,Friday
1/3/2015,9,4.67,6,57.24,11,3,0,4,2015,1,276,Saturday
1/4/2015,4.68,8.92,3.5,60.1,4,0,2,1,2015,1,276,Sunday
1/5/2015,2.34,3.32,1,33.6,14,0,16,3,2015,1,276,Monday
1/6/2015,3,9.37,7.3,42,13,0,3,0,2015,1,276,Tuesday
1/7/2015,0,0,0,0,0,0,0,0,2015,1,276,Wednesday
1/8/2015,2,7.077,1.2,46.4,13,1,1,2,2015,1,276,Thursday
1/9/2015,3,4.34,9.4,36.2,33,2,7,2,2015,1,276,Friday
1/10/2015,6,5.864,7,32.6,14,3,1,1,2015,1,276,Saturday
1/11/2015,3,7.34,7,43.6,11,1,11,2,2015,1,276,Sunday
1/12/2015,2.33,3.34,7.5,36.6,18,0,6,1,2015,1,276,Monday
1/13/2015,10.34,4.66,10,34,14,2,4,2,2015,1,276,Tuesday
1/14/2015,3,3.34,5,23,20,0,1,0,2015,1,276,Wednesday
1/15/2015,6.67,3,1,55.25,13,0,15,2,2015,1,276,Thursday
1/16/2015,6.33,5.99,3.8,43,16,2,6,2,2015,1,276,Friday
1/17/2015,6.68,5.68,7,19.2,18,0,0,0,2015,1,276,Saturday
1/18/2015,4,4.34,4.5,20.4,16,0,0,2,2015,1,276,Sunday
1/19/2015,5.34,2.68,1.1,32,12,0,20,2,2015,1,276,Monday
1/20/2015,4.34,0.33,6,38,24,1,4,1,2015,1,276,Tuesday
1/21/2015,4,1,2,37.45,17,1,0,1,2015,1,276,Wednesday
1/22/2015,4,1.34,4,21.4,19,0,0,1,2015,1,276,Thursday
1/23/2015,3.67,4.728,8,30,14,0,7,2,2015,1,276,Friday
1/24/2015,4.34,3.33,9.2,49.7,31,0,22,1,2015,1,276,Saturday
1/25/2015,4,1.13,1.9,38,11,1,5,0,2015,1,276,Sunday
1/26/2015,8.5,4.67,4,34.4,15,0,13,0,2015,1,276,Monday
1/27/2015,2.67,6.33,1,20,14,0,0,0,2015,1,276,Tuesday
1/28/2015,3,5.34,3,32,18,3,5,3,2015,1,276,Wednesday
1/29/2015,4.34,5.71,8.7,24.4,16,3,11,3,2015,1,276,Thursday
1/30/2015,1,1.068,1,20.5,19,1,0,0,2015,1,276,Friday
1/31/2015,8.34,6.112,5,32.4,12,0,11,2,2015,1,276,Saturday
2/1/2015,4.34,7.35,7,35.6,7,1,0,1,2015,2,276,Sunday
2/2/2015,6,4,5.1,20.9,14,0,3,2,2015,2,276,Monday
2/3/2015,3.33,3,6.2,24.2,18,0,6,5,2015,2,276,Tuesday
2/4/2015,2.34,2.67,2.4,38.8,6,0,12,0,2015,2,276,Wednesday
2/5/2015,2,5.57,3,24.85,12,0,2,1,2015,2,276,Thursday
2/6/2015,3.33,3.33,7.3,23,7,1,13,1,2015,2,276,Friday
2/7/2015,2,5,1.9,33.6,9,0,0,2,2015,2,276,Saturday
2/8/2015,1.34,7.759,5.7,29.9,8,0,0,0,2015,2,276,Sunday
2/9/2015,3.33,3.54,9.6,20.7,8,1,0,1,2015,2,276,Monday
2/10/2015,3.66,8.67,7,33,11,0,6,3,2015,2,276,Tuesday
2/11/2015,3,5.14,3.6,48.5,16,0,20,2,2015,2,276,Wednesday
2/12/2015,3,4,6,23.82,11,1,5,0,2015,2,276,Thursday
2/13/2015,6.01,4.23,7,29.6,11,1,22,1,2015,2,276,Friday
2/14/2015,4.33,1.736,6.7,29.2,13,1,5,4,2015,2,276,Saturday
2/15/2015,11.68,2.33,4.3,38,7,0,7,2,2015,2,276,Sunday
2/16/2015,3.01,3.75,4,40.1,4,0,10,0,2015,2,276,Monday
2/17/2015,5.33,8.693,4,36.2,3,0,6,1,2015,2,276,Tuesday
2/18/2015,1,2.66,1.33,36.212,4,0,11,0,2015,2,276,Wednesday
2/19/2015,2,3.332,4,36.7,2,2,6,3,2015,2,276,Thursday
2/20/2015,5.33,4.66,0.5,27,5,0,25,6,2015,2,276,Friday
2/21/2015,3,5.347,4.8,57,9,0,0,3,2015,2,276,Saturday
2/22/2015,2,4.34,2,50.6,7,0,11,1,2015,2,276,Sunday
2/23/2015,5,3.16,7.5,55.4,9,0,20,0,2015,2,276,Monday
2/24/2015,3.68,3.34,6.2,22.07,11,0,11,2,2015,2,276,Tuesday
2/25/2015,7,6.33,6.1,24,8,0,2,2,2015,2,276,Wednesday
2/26/2015,6,2,2,36.7,13,0,1,1,2015,2,276,Thursday
2/27/2015,6.33,4.473,5,51,1,1,0,0,2015,2,276,Friday
2/28/2015,6.34,3.33,1.6,26.6,9,0,4,3,2015,2,276,Saturday
3/1/2015,9,7.893,2.7,25.9,3,4,0,4,2015,3,276,Sunday
3/2/2015,6.67,4.68,3.5,40.7,6,1,2,3,2015,3,276,Monday
3/3/2015,8,6.03,4.5,45.6,14,0,1,4,2015,3,276,Tuesday
3/4/2015,9.68,5.67,3.3,46.85,4,0,11,1,2015,3,276,Wednesday
3/5/2015,6,2.33,3,35,2,0,0,0,2015,3,276,Thursday
3/6/2015,2,2.67,6,19.8,4,0,1,1,2015,3,276,Friday
3/7/2015,3.33,1,1,2,0,0,0,0,2015,3,276,Saturday
3/8/2015,6,3.397,2.4,55.4,9,0,2,1,2015,3,276,Sunday
3/9/2015,2,3,5,32.7,10,0,1,1,2015,3,276,Monday
3/10/2015,1.34,3.66,5,40.4,6,0,6,3,2015,3,276,Tuesday
3/11/2015,11,5,3.2,32,9,0,4,0,2015,3,276,Wednesday
3/12/2015,2.68,6.387,6.1,19,5,0,2,3,2015,3,276,Thursday
3/13/2015,4,3.33,6.7,63.4,11,2,1,0,2015,3,276,Friday
3/14/2015,2.66,4.33,4,39.1,9,0,9,3,2015,3,276,Saturday
3/15/2015,3.34,4.16,3,41,3,0,12,3,2015,3,276,Sunday
3/16/2015,8,3.01,4.9,46.8,8,0,0,1,2015,3,276,Monday
3/17/2015,5,3,4.6,28.8,9,1,2,0,2015,3,276,Tuesday
3/18/2015,7.33,2,5.3,24.4,5,0,20,2,2015,3,276,Wednesday
3/19/2015,2,2.33,1.5,31,7,0,15,0,2015,3,276,Thursday
3/20/2015,1,7,3,38.6,13,1,5,1,2015,3,276,Friday
3/21/2015,10.33,3.34,3,41.6,4,0,6,2,2015,3,276,Saturday
3/22/2015,8.34,6.67,2,43.2,9,0,10,0,2015,3,276,Sunday
3/23/2015,2,4.34,7,28,5,0,0,2,2015,3,276,Monday
3/24/2015,4,5.472,5.2,22.4,8,2,9,4,2015,3,276,Tuesday
3/25/2015,3.68,8.66,6.4,17.6,10,2,13,1,2015,3,276,Wednesday
3/26/2015,5,1.747,3,51.4,10,0,6,5,2015,3,276,Thursday
3/27/2015,3,2.67,2,27,3,0,22,1,2015,3,276,Friday
3/28/2015,1.33,3.056,3,50.5,6,0,0,2,2015,3,276,Saturday
3/29/2015,6,5.727,2.3,35.5,7,0,8,2,2015,3,276,Sunday
3/30/2015,6.33,4.827,10,25.7,4,0,0,0,2015,3,276,Monday
3/31/2015,5,2,11.2,33.5,5,0,2,4,2015,3,276,Tuesday
4/1/2015,6.34,1.33,1,24.8,7,2,5,1,2015,4,276,Wednesday
4/2/2015,5,3.99,5.4,35.07,3,0,3,5,2015,4,276,Thursday
4/3/2015,5.33,2.32,4,34.2,12,0,0,4,2015,4,276,Friday
4/4/2015,3.67,4.33,6,43,7,1,5,6,2015,4,276,Saturday
4/5/2015,3.34,5.01,4.5,31.6,4,0,0,1,2015,4,276,Sunday
4/6/2015,7.33,3.33,5.3,32.9,4,0,3,2,2015,4,276,Monday
4/7/2015,6,3.66,6.7,25,8,0,8,1,2015,4,276,Tuesday
4/8/2015,4,2.33,3,18,11,0,10,4,2015,4,276,Wednesday
4/9/2015,1.33,6,8,22.2,8,0,6,1,2015,4,276,Thursday
4/10/2015,9.84,6.505,4,65.6,5,2,8,5,2015,4,276,Friday
4/11/2015,11.68,3,3.4,26,9,0,5,6,2015,4,276,Saturday
4/12/2015,0,0,0,0,0,0,0,0,2015,4,276,Sunday
4/13/2015,6.67,1.34,7,25.2,5,0,3,7,2015,4,276,Monday
4/14/2015,4.66,6.01,7,41.8,5,0,5,2,2015,4,276,Tuesday
4/15/2015,2,2.33,3,29.25,15,0,0,2,2015,4,276,Wednesday
4/16/2015,2.34,1,7.2,30.6,7,0,9,4,2015,4,276,Thursday
4/17/2015,9.33,3.66,3,29.65,6,0,1,5,2015,4,276,Friday
4/18/2015,7.33,3,1,31.3,1,0,1,4,2015,4,276,Saturday
4/19/2015,9.32,5.528,3.8,36.5,3,0,0,2,2015,4,276,Sunday
4/20/2015,3,5.043,3.7,38,13,0,1,3,2015,4,276,Monday
4/21/2015,6.33,1,2,35.2,9,0,0,6,2015,4,276,Tuesday
4/22/2015,1.33,4.627,3.2,32,3,0,1,2,2015,4,276,Wednesday
4/23/2015,4,1,1,28.2,8,0,1,4,2015,4,276,Thursday
4/24/2015,10,1,4,30,5,0,1,5,2015,4,276,Friday
4/25/2015,5,3.165,8,38.1,3,0,1,3,2015,4,276,Saturday
4/26/2015,7,6,3,37.6,5,0,1,1,2015,4,276,Sunday
4/27/2015,3,0.78,4,43,10,0,0,10,2015,4,276,Monday
4/28/2015,4.33,4.67,3.1,15.2,7,0,5,6,2015,4,276,Tuesday
4/29/2015,2,0.43,4.2,27.6,2,0,11,3,2015,4,276,Wednesday
4/30/2015,3,8.727,2.6,32.6,7,0,3,7,2015,4,276,Thursday
5/1/2015,5.34,1.68,4.94,11.4,4,0,0,4.7,2015,5,276,Friday
5/2/2015,5,3.66,3,47.8,6,2,0,5,2015,5,276,Saturday
5/3/2015,6.67,1.066,2.1,19.2,4,0,1,6,2015,5,276,Sunday
5/4/2015,4,4.723,8.6,36,5,1,10,3.3,2015,5,276,Monday
5/5/2015,3.34,3.462,2,19,6,0,5,2.5,2015,5,276,Tuesday
5/6/2015,4.66,6.497,2,40.2,11,0,0,6,2015,5,276,Wednesday
5/7/2015,2,3.34,2,21,4,1,5,10,2015,5,276,Thursday
5/8/2015,1,6.34,5,16,8,0,4,1,2015,5,276,Friday
5/9/2015,3.66,4.34,7.4,21,11,1,1,6,2015,5,276,Saturday
5/10/2015,3.34,5.427,3.8,13,3,0,1,10,2015,5,276,Sunday
5/11/2015,3.33,6.66,5.9,21,3,0,6,4,2015,5,276,Monday
5/12/2015,7.33,1.99,8.2,22.95,13,0,0,8,2015,5,276,Tuesday
5/13/2015,8,3.44,9,28.4,5,0,2,4.5,2015,5,276,Wednesday
5/14/2015,3,5.067,3,14,1,0,0,5,2015,5,276,Thursday
5/15/2015,3.34,6.53,4.3,48.4,8,0,4,3.2,2015,5,276,Friday
5/16/2015,5,4.066,4.1,40.4,4,0,0,4,2015,5,276,Saturday
5/17/2015,5,3.33,5,23.2,0,0,0,8,2015,5,276,Sunday
5/18/2015,7,2.713,5.2,21.4,6,1,2,2.2,2015,5,276,Monday
5/19/2015,3,1.66,3,20,8,0,0,3,2015,5,276,Tuesday
5/20/2015,5.67,6.465,2,17,12,1,5,6,2015,5,276,Wednesday
5/21/2015,6,1.957,3,10,5,0,1,3.3,2015,5,276,Thursday
5/22/2015,3,0.198,2,15,8,0,0,7,2015,5,276,Friday
5/23/2015,5.68,2.69,5,23.45,10,0,2,7,2015,5,276,Saturday
5/24/2015,5.33,7.769,3,20,5,0,0,1.3,2015,5,276,Sunday
5/25/2015,9.66,3.33,4,30,11,3,0,3,2015,5,276,Monday
5/26/2015,7.34,3.34,4.5,27,11,0,22,10,2015,5,276,Tuesday
5/27/2015,4,2.66,2,24.2,7,0,0,1,2015,5,276,Wednesday
5/28/2015,6,2.33,6.7,17.1,3,0,20,3,2015,5,276,Thursday
5/29/2015,6.33,5.01,3,41.8,6,0,5,3,2015,5,276,Friday
5/30/2015,14,2.68,6,24.5,4,0,4,8,2015,5,276,Saturday
5/31/2015,3,4.697,6.3,31.5,2,0,0,10.5,2015,5,276,Sunday
6/1/2015,4.66,5,2.5,23.55,12,0,2,3,2015,6,276,Monday
6/2/2015,8.33,8,7.9,24,10,4,3,6,2015,6,276,Tuesday
6/3/2015,5,1.66,5.3,30,9,0,6,2,2015,6,276,Wednesday
6/4/2015,2.33,4,3,20,5,0,2,2,2015,6,276,Thursday
6/5/2015,5,0.67,5,13,6,0,1,7,2015,6,276,Friday
6/6/2015,3.68,3.68,2,16,6,0,17,2,2015,6,276,Saturday
6/7/2015,6.34,5.01,2,17,6,1,22,6,2015,6,276,Sunday
6/8/2015,6,5.66,2.5,31,10,1,3,7,2015,6,276,Monday
6/9/2015,3,4,4,26.6,14,0,0,4.6,2015,6,276,Tuesday
6/10/2015,4.34,3.01,8,18.676,6,0,7,2,2015,6,276,Wednesday
6/11/2015,6,2.33,5.1,38.3,11,0,1,3,2015,6,276,Thursday
6/12/2015,1.67,1.66,2,17.5,2,2,0,5,2015,6,276,Friday
6/13/2015,2.33,4.66,7.3,21.4,6,0,12,4,2015,6,276,Saturday
6/14/2015,5,3.67,1.6,14,6,0,3,2,2015,6,276,Sunday
6/15/2015,4,3.36,5,37,9,0,6,9,2015,6,276,Monday
6/16/2015,7,3.34,4,20,6,0,8,5,2015,6,276,Tuesday
6/17/2015,3.66,3.32,8.66,24,10,1,20,2,2015,6,276,Wednesday
6/18/2015,3,5.33,7,24.6,4,0,23,3.6,2015,6,276,Thursday
6/19/2015,5.33,4.01,3.1,24,13,2,10,6.3,2015,6,276,Friday
6/20/2015,9.34,3,3,26.8,5,0,10,7,2015,6,276,Saturday
6/21/2015,9.34,0.68,5,18,5,0,6,2,2015,6,276,Sunday
6/22/2015,5.17,6.99,9.6,29.062,0,0,1,5,2015,6,276,Monday
6/23/2015,4.67,5.67,3.5,19,7,0,5,5,2015,6,276,Tuesday
6/24/2015,3.83,4,7,23.8,5,1,4,3,2015,6,276,Wednesday
6/25/2015,6.33,4.34,6,24.125,4,0,0,3,2015,6,276,Thursday
6/26/2015,7.17,0.33,2,29,3,0,1,4,2015,6,276,Friday
6/27/2015,7.33,3.33,6,36,10,0,1,2,2015,6,276,Saturday
6/28/2015,5.34,4.65,7.4,12,0,0,6,6,2015,6,276,Sunday
6/29/2015,5.68,3.66,4,22,15,0,11,3,2015,6,276,Monday
6/30/2015,1,4.67,6,35,12,0,2,4.3,2015,6,276,Tuesday
7/1/2015,8.83,5.68,5.4,18.25,14,1,12,10,2015,7,276,Wednesday
7/2/2015,3,2,1,23.15,3,0,1,2,2015,7,276,Thursday
7/3/2015,5.5,4.33,3.5,24.5,10,0,8,4,2015,7,276,Friday
7/4/2015,7.35,2.34,4.2,15.2,2,0,0,3,2015,7,276,Saturday
7/5/2015,5,4.34,4.2,14,10,0,1,4,2015,7,276,Sunday
7/6/2015,5.5,4.68,2,20,8,0,3,3,2015,7,276,Monday
7/7/2015,4.84,4.68,2.3,19.6,5,0,3,7,2015,7,276,Tuesday
7/8/2015,2,1.35,3,18.6,6,0,5,3,2015,7,276,Wednesday
7/9/2015,2.34,1.67,2,32.75,4,0,0,5,2015,7,276,Thursday
7/10/2015,5.5,6.34,5,37,15,0,8,6,2015,7,276,Friday
7/11/2015,4,2.33,4.9,45,9,0,2,10,2015,7,276,Saturday
7/12/2015,6.33,5.33,5,25.3,5,0,0,6.5,2015,7,276,Sunday
7/13/2015,3.68,0.66,8,22.55,5,0,0,3,2015,7,276,Monday
7/14/2015,0.34,4.33,5,14,1,0,2,2,2015,7,276,Tuesday
7/15/2015,8.49,1.66,4,20.2,5,0,1,9,2015,7,276,Wednesday
7/16/2015,8.34,3.33,1,18,3,0,2,4,2015,7,276,Thursday
7/17/2015,2.5,1.33,1,28,3,0,0,2.3,2015,7,276,Friday
7/18/2015,3.68,7.38,2,25,8,3,1,3,2015,7,276,Saturday
7/19/2015,11.68,1.68,2,15,1,0,1,3,2015,7,276,Sunday
7/20/2015,5.84,4.67,5,41,4,0,0,2,2015,7,276,Monday
7/21/2015,4.68,1,3.2,14.25,7,0,1,4,2015,7,276,Tuesday
7/22/2015,9.33,0.34,5,22,10,0,5,3,2015,7,276,Wednesday
7/23/2015,1.5,4,3,14,3,0,0,2,2015,7,276,Thursday
7/24/2015,6,6.34,3.6,29.6,9,1,1,10,2015,7,276,Friday
7/25/2015,4,4,5,22,7,1,0,4,2015,7,276,Saturday
7/26/2015,5,2.99,3,29,4,0,0,0,2015,7,276,Sunday
7/27/2015,7.34,3.34,7,24,9,0,0,1.5,2015,7,276,Monday
7/28/2015,14.18,6.02,1,15.2,14,0,1,3,2015,7,276,Tuesday
7/29/2015,10.34,3.34,4,21.378,8,0,2,1,2015,7,276,Wednesday
7/30/2015,3,3.33,14,16.3,3,0,0,4,2015,7,276,Thursday
7/31/2015,5.5,9,6.2,24,8,0,0,6,2015,7,276,Friday
8/1/2015,5,5,4,19,14,0,0,2,2015,8,276,Saturday
8/2/2015,5,6.7,4,15,9,0,0,2,2015,8,276,Sunday
8/3/2015,1.5,2.33,1.5,23,3.5,1,5,1,2015,8,276,Monday
8/4/2015,6.34,2.33,3,23,5,1,0,4,2015,8,276,Tuesday
8/5/2015,5,3.33,4.2,22.2,3.5,0,0,1,2015,8,276,Wednesday
8/6/2015,5.33,1.67,8,35,11,0,3,2,2015,8,276,Thursday
8/7/2015,4.33,4,6,22,9,2,1,6,2015,8,276,Friday
8/8/2015,6.33,5.33,7,22,5,0,0,0.7,2015,8,276,Saturday
8/9/2015,5,3.66,2,21,5,0,2,3,2015,8,276,Sunday
8/10/2015,3.67,5.68,4.2,29,12.5,0,1,5,2015,8,276,Monday
8/11/2015,12.33,6.66,7.4,18.1,10,0,0,4,2015,8,276,Tuesday
8/12/2015,8.67,7.693,4,28.2,9.5,0,1,1,2015,8,276,Wednesday
8/13/2015,8,2,6,23.438,9,0,3,3,2015,8,276,Thursday
8/14/2015,3,4.66,4,16.7,5,0,1,4,2015,8,276,Friday
8/15/2015,3.34,6.34,6,35,14,1,1,1,2015,8,276,Saturday
8/16/2015,2,4.67,2,19.25,4,2,0,2,2015,8,276,Sunday
8/17/2015,8,3,3,33,6,0,0,2,2015,8,276,Monday
8/18/2015,6.01,2.67,3,24,16,0,3,1,2015,8,276,Tuesday
8/19/2015,6.33,2.66,8,28,15,0,3,3,2015,8,276,Wednesday
8/20/2015,3.5,3.68,5,19,6,1,0,0,2015,8,276,Thursday
8/21/2015,6,0.67,3,34,8,1,1,4,2015,8,276,Friday
8/22/2015,2.34,6.736,4,28,6,3,1,6,2015,8,276,Saturday
8/23/2015,8.99,5.33,3,28,8,0,2,2,2015,8,276,Sunday
8/24/2015,8.5,3.66,3.4,45.1,8,0,0,1,2015,8,276,Monday
8/25/2015,2.34,2.67,4,23.5,20,0,1,3,2015,8,276,Tuesday
8/26/2015,2.67,4.02,7.3,27,7,0,1,6,2015,8,276,Wednesday
8/27/2015,9.33,3,4.5,32,8,0,0,3,2015,8,276,Thursday
8/28/2015,7,8.67,1,15.1,12,0,0,3,2015,8,276,Friday
8/29/2015,10.84,10.34,4,23.2,4,3,3,2,2015,8,276,Saturday
8/30/2015,11,6.02,3.5,21,3,0,6,4,2015,8,276,Sunday
8/31/2015,4,9.34,3.4,38,9.5,0,6,2,2015,8,276,Monday
9/1/2015,8.18,2.84,4.4,28.25,8,0,0,3,2015,9,276,Tuesday
9/2/2015,5.33,7,3,31.3,9.5,0,5,5,2015,9,276,Wednesday
9/3/2015,1.34,3.68,2.2,19,13,0,4,2,2015,9,276,Thursday
9/4/2015,3.34,2.68,3.1,20,8,1,1,2,2015,9,276,Friday
9/5/2015,8.83,6.01,3.2,20,10.5,1,6,4,2015,9,276,Saturday
9/6/2015,8.33,9.67,6,23.6,8,1,0,3,2015,9,276,Sunday
9/7/2015,4.34,6.124,2.5,32.8,7,1,5,2,2015,9,276,Monday
9/8/2015,2.67,1.693,5,29.2,4,0,2,4,2015,9,276,Tuesday
9/9/2015,2,3,1,34.7,8,0,2,2,2015,9,276,Wednesday
9/10/2015,6,3.99,4.2,21.2,18,0,2,2,2015,9,276,Thursday
9/11/2015,11.33,5,9,30,9,0,2,2,2015,9,276,Friday
9/12/2015,4.66,7.66,5.2,63.3,6,3,0,2,2015,9,276,Saturday
9/13/2015,7.33,6.165,7.2,25,4,0,11,3,2015,9,276,Sunday
9/14/2015,4.68,5,1,31.3,14,0,0,0,2015,9,276,Monday
9/15/2015,3.33,5.076,4.2,23.8,7.5,0,6,5,2015,9,276,Tuesday
9/16/2015,0.67,4.835,2.2,16.6,6,0,2,1,2015,9,276,Wednesday
9/17/2015,9.83,6.33,0,35.5,3,0,1,2,2015,9,276,Thursday
9/18/2015,3.34,1.33,3,16,4,0,4,3,2015,9,276,Friday
9/19/2015,6.83,0.99,7,37,7,0,4,5,2015,9,276,Saturday
9/20/2015,9.99,3.99,6.5,28.9,15,0,0,2,2015,9,276,Sunday
9/21/2015,2,10,2,46.7,6,0,0,2,2015,9,276,Monday
9/22/2015,6.99,1.33,4,19.5,10,2,5,5,2015,9,276,Tuesday
9/23/2015,6.16,4.056,3.3,34.65,7,0,2,1,2015,9,276,Wednesday
9/24/2015,2.99,4.34,4.2,37.6,7,0,0,0,2015,9,276,Thursday
9/25/2015,4.83,4.98,5.2,25.2,11,0,1,3,2015,9,276,Friday
9/26/2015,12.42,3.33,2.5,33,6,1,7,2,2015,9,276,Saturday
9/27/2015,5.83,3,2.3,10.425,3,1,2,1,2015,9,276,Sunday
9/28/2015,1,1.33,2,15.4,8,0,17,2,2015,9,276,Monday
9/29/2015,6.33,4.363,1,39.7,7,0,0,0,2015,9,276,Tuesday
9/30/2015,5.32,4.33,4,22.5,9,0,0,1,2015,9,276,Wednesday
10/1/2015,9.66,5.99,4,34.562,2,0,5,2,2015,10,276,Thursday
10/2/2015,5,4.726,4,37.3,5,0,5,1,2015,10,276,Friday
10/3/2015,10.34,5.34,3,37.2,7,0,7,2,2015,10,276,Saturday
10/4/2015,7,4,4,59,3,0,16,2,2015,10,276,Sunday
10/5/2015,5,2.373,2.2,70.95,11,1,7,5,2015,10,276,Monday
10/6/2015,5.69,3.66,5.5,42.725,9,1,5,4,2015,10,276,Tuesday
10/7/2015,7.33,2.66,6,44.3,8,0,5,2,2015,10,276,Wednesday
10/8/2015,8.82,4.33,3,30.7,5,0,20,0,2015,10,276,Thursday
10/9/2015,2,2.769,7.6,28.062,13,2,10,2,2015,10,276,Friday
10/10/2015,6.16,5.66,3,46.3,19.5,0,1,0,2015,10,276,Saturday
10/11/2015,10.33,2.792,7.1,70.3,8,0,3,5,2015,10,276,Sunday
10/12/2015,9.66,7.33,6,68.85,12,0,5,3,2015,10,276,Monday
10/13/2015,3.83,7,5.2,63.8,5.5,0,5,1,2015,10,276,Tuesday
10/14/2015,4.66,7.33,3.9,38.6,7,0,0,1,2015,10,276,Wednesday
10/15/2015,5.16,5.726,7.3,64.724,4,0,9,1,2015,10,276,Thursday
10/16/2015,1.67,3.33,5.2,57.3,2,0,5,1,2015,10,276,Friday
10/17/2015,10.34,2.837,3.4,74.3,8,0,0,1,2015,10,276,Saturday
10/18/2015,7.34,6.54,4.9,55.6,3,1,8,8,2015,10,276,Sunday
10/19/2015,12,3.802,3,62.6,3,0,17,0,2015,10,276,Monday
10/20/2015,3.34,1.99,2.3,44.7,6,0,10,5,2015,10,276,Tuesday
10/21/2015,8.66,2.363,3.2,36.8,9,1,1,4,2015,10,276,Wednesday
10/22/2015,4.33,0.34,0,35.262,9,0,2,2,2015,10,276,Thursday
10/23/2015,7,1.66,10.2,41.4,3,0,6,2,2015,10,276,Friday
10/24/2015,9.84,8.35,9.1,67.4,8,0,4,2,2015,10,276,Saturday
10/25/2015,3,3.33,3.1,64.6,4,0,0,4,2015,10,276,Sunday
10/26/2015,9,5.33,8,53.3,8,1,2,2,2015,10,276,Monday
10/27/2015,4.33,2,8.5,64.4,7,0,8,3,2015,10,276,Tuesday
10/28/2015,1,1.66,1,33,11,1,6,2,2015,10,276,Wednesday
10/29/2015,2.33,3.693,1.3,38.3,8,0,0,1,2015,10,276,Thursday
10/30/2015,5.33,3.67,3.2,49.6,8,0,5,3,2015,10,276,Friday
10/31/2015,5.66,4.65,8,58.4,6,0,7,1,2015,10,276,Saturday
11/1/2015,2.33,7.99,5.6,80.4,11,0,5,0,2015,11,276,Sunday
11/2/2015,4.66,4.33,4,46.3,7,0,7,2,2015,11,276,Monday
11/3/2015,1.34,4.35,4.3,41.8,5,0,3,0,2015,11,276,Tuesday
11/4/2015,8.5,2.34,3,59.8,18,3,3,4,2015,11,276,Wednesday
11/5/2015,4.33,3.561,7.4,45,3,0,0,2,2015,11,276,Thursday
11/6/2015,3.33,6.736,4,31.475,5,2,1,0,2015,11,276,Friday
11/7/2015,4,3.11,4.8,69.9,15,1,6,1,2015,11,276,Saturday
11/8/2015,6.33,3.67,7.2,48.6,7,0,13,1,2015,11,276,Sunday
11/9/2015,3.66,6.198,4.2,40.75,3,1,12,1,2015,11,276,Monday
11/10/2015,6.33,7.482,10,41.2,8,0,9,2,2015,11,276,Tuesday
11/11/2015,9.66,5.34,7.2,60,4,0,12,3,2015,11,276,Wednesday
11/12/2015,6,4.33,6,24,11,0,20,0,2015,11,276,Thursday
11/13/2015,5,2.44,2,22,13,0,0,0,2015,11,276,Friday
11/14/2015,4.99,0.33,3.7,19,5,1,0,1,2015,11,276,Saturday
11/15/2015,1.33,11.99,9.3,42.35,8,2,17,0,2015,11,276,Sunday
11/16/2015,5.67,3.67,6,50.3,9,0,3,2,2015,11,276,Monday
11/17/2015,6.34,4.693,4.7,60,1,0,0,2,2015,11,276,Tuesday
11/18/2015,6.34,5.33,5.5,24.5,11,0,0,2,2015,11,276,Wednesday
11/19/2015,2,2.99,2.1,26.4,22,0,0,0,2015,11,276,Thursday
11/20/2015,5.66,1.66,3.8,25.6,2,2,10,3,2015,11,276,Friday
11/21/2015,4,2.01,5.2,45.5,4,0,17,3,2015,11,276,Saturday
11/22/2015,2,3.439,2.6,41.2,6,2,2,1,2015,11,276,Sunday
11/23/2015,3,1,4.7,69,3,0,1,2,2015,11,276,Monday
11/24/2015,5,6.33,6.4,19.8,12,3,1,5,2015,11,276,Tuesday
11/25/2015,5.66,5.33,3.2,29,11,0,3,3,2015,11,276,Wednesday
11/26/2015,4.33,4,2,25.975,8,0,0,0,2015,11,276,Thursday
11/27/2015,0.67,4.373,2,20.8,7,0,0,0,2015,11,276,Friday
11/28/2015,6.33,3.66,4,46.825,3,0,10,1,2015,11,276,Saturday
11/29/2015,6.66,3.726,6,42.2,1,0,4,0,2015,11,276,Sunday
11/30/2015,7.33,1.825,5,35.3,5,1,6,3,2015,11,276,Monday
12/1/2015,1.99,2.023,6.3,23.9,4,1,5,1,2015,12,276,Tuesday
12/2/2015,1,3.33,2.4,42,23,4,0,0,2015,12,276,Wednesday
12/3/2015,4,3,5.6,56,6,1,1,1,2015,12,276,Thursday
12/4/2015,3.33,4.759,4.7,25.6,9,3,3,1,2015,12,276,Friday
12/5/2015,8,3.033,2,35.05,2,0,7,2.33,2015,12,276,Saturday
12/6/2015,5.67,7,3.4,60.4,5,2,3,1,2015,12,276,Sunday
12/7/2015,3,2.099,2.2,26.5,6,1,11,6,2015,12,276,Monday
12/8/2015,2,6.34,2,41.325,8,0,0,0,2015,12,276,Tuesday
12/9/2015,3.34,3.472,7,41.262,16,0,3,1,2015,12,276,Wednesday
12/10/2015,11.66,10.69,16,31.9,9,0,9,2.1,2015,12,276,Thursday
12/11/2015,5.84,6.165,3,22.7,9,0,16,1,2015,12,276,Friday
12/12/2015,6.34,3.2,3,42.2,5,2,6,1,2015,12,276,Saturday
12/13/2015,9.33,4.32,7,29,5,0,27,0,2015,12,276,Sunday
12/14/2015,5,3,6.6,37.4,11,0,21,1,2015,12,276,Monday
12/15/2015,4.99,2,5,42,3,1,2,1,2015,12,276,Tuesday
12/16/2015,6.67,4,4,42,11,1,11,0,2015,12,276,Wednesday
12/17/2015,9,3.01,3,25,7,0,0,2,2015,12,276,Thursday
12/18/2015,4.33,8.901,4.3,27.2,12,4,2,1,2015,12,276,Friday
12/19/2015,0,0,0,0,0,0,0,0,2015,12,276,Saturday
12/20/2015,3,3.474,2.2,43,3,0,16,1,2015,12,276,Sunday
12/21/2015,5,6.34,2,53.6,14,0,6,0.4,2015,12,276,Monday
12/22/2015,5.66,0,5,48,6,0,13,1,2015,12,276,Tuesday
12/23/2015,3.33,4.01,2.3,28.8,3,0,0,0,2015,12,276,Wednesday
12/24/2015,7.33,3.396,5,28.3,5,0,16,0,2015,12,276,Thursday
12/25/2015,0.66,4.66,2,20.662,28,2,1,1,2015,12,276,Friday
12/26/2015,4.67,1.66,5,87.2,15,3,0,4.3,2015,12,276,Saturday
12/27/2015,5.33,6.792,5.2,63.5,4,0,14,4.6,2015,12,276,Sunday
12/28/2015,4,5.099,9.2,61.5,18,3,26,1,2015,12,276,Monday
12/29/2015,10.67,2.33,2,71.6,9,0,2,3,2015,12,276,Tuesday
12/30/2015,6.66,7.089,2,56.4,12,0,4,2,2015,12,276,Wednesday
12/31/2015,7.66,6.099,7.6,44.35,18,0,6,1,2015,12,276,Thursday
1/1/2016,0,0,0,0,0,0,0,0,2016,1,276,Friday
1/2/2016,0.34,1.02,1,51.2,0,1,5,5,2016,1,276,Saturday
1/3/2016,4,4,2.5,56.1,1,0,5,1,2016,1,276,Sunday
1/4/2016,7.33,5.99,6,46.6,6,0,12,1,2016,1,276,Monday
1/5/2016,5.33,5.99,4.6,38.6,15,0,5,1,2016,1,276,Tuesday
1/6/2016,6.66,3,6,61.9,2,0,12,2,2016,1,276,Wednesday
1/7/2016,0,0,0,0,0,0,0,0,2016,1,276,Thursday
1/8/2016,8,3.463,7.7,39.2,8,3,2,2,2016,1,276,Friday
1/9/2016,7.33,2.66,5,88.3,9,0,3,3,2016,1,276,Saturday
1/10/2016,7,4.033,12,67.6,8,1,1,0,2016,1,276,Sunday
1/11/2016,9.34,5.66,7,64.9,18,0,0,4,2016,1,276,Monday
1/12/2016,12,3.132,12,61.35,8,0,0,0,2016,1,276,Tuesday
1/13/2016,9,1.66,5,41.7,15,0,1,2,2016,1,276,Wednesday
1/14/2016,2,5.155,6,69,18,0,8,2,2016,1,276,Thursday
1/15/2016,8.98,4.66,10.6,18.1,8,0,10,2,2016,1,276,Friday
1/16/2016,3.34,5.34,6,63.6,11,0,2,1,2016,1,276,Saturday
1/17/2016,7.01,1.604,3.9,46.6,4,0,0,1,2016,1,276,Sunday
1/18/2016,3.5,2.99,4.3,62.8,3,2,9,2,2016,1,276,Monday
1/19/2016,6,5.66,6,49.8,7,0,0,3,2016,1,276,Tuesday
1/20/2016,2.32,3.363,3,15.1,29,3,3,2,2016,1,276,Wednesday
1/21/2016,5,1.43,1,68.4,8,4,6,5,2016,1,276,Thursday
1/22/2016,0.83,7.678,7,39.5,11,0,10,0,2016,1,276,Friday
1/23/2016,6.33,6.132,7.1,36.8,4,0,6,2,2016,1,276,Saturday
1/24/2016,4,6.122,11.3,48.1,3,0,12,3,2016,1,276,Sunday
1/25/2016,10.33,4.26,4,46.95,12,2,10,1.5,2016,1,276,Monday
1/26/2016,5.68,4.069,8,30.3,9,0,15,0,2016,1,276,Tuesday
1/27/2016,4.34,4.429,3.4,30.062,18,5,5,2,2016,1,276,Wednesday
1/28/2016,7.33,6.66,4.4,33,4,0,4,3,2016,1,276,Thursday
1/29/2016,5,8.67,8.6,74.4,3,1,17,2,2016,1,276,Friday
1/30/2016,9,4.429,5.3,47.462,3,2,5,2,2016,1,276,Saturday
1/31/2016,4.33,5.143,3.8,78.9,3,0,6,2,2016,1,276,Sunday
2/1/2016,6.34,5,7.1,18,7,0,6,1,2016,2,276,Monday
2/2/2016,14.33,4.878,1.3,39,6,0,0,1,2016,2,276,Tuesday
2/3/2016,8,6.693,11.5,39.062,11,5,0,0,2016,2,276,Wednesday
2/4/2016,8.34,4,4.2,28.8,5,0,4,4,2016,2,276,Thursday
2/5/2016,5.66,2,3,51.6,7,0,3,1,2016,2,276,Friday
2/6/2016,5.33,10.33,3,57.162,1,0,11,2,2016,2,276,Saturday
2/7/2016,3.66,6.056,4.5,88.2,2,0,13,1,2016,2,276,Sunday
2/8/2016,6.33,6.99,5.5,28.038,5,0,23,1,2016,2,276,Monday
2/9/2016,7,3.33,4.4,47.7,16,2,1,2,2016,2,276,Tuesday
2/10/2016,4.34,4.703,7.2,34.1,29,0,4,2,2016,2,276,Wednesday
2/11/2016,1.66,4.156,2.7,38.1,10,1,13,4,2016,2,276,Thursday
2/12/2016,5.99,6.429,8.5,60.675,4,0,20,1,2016,2,276,Friday
2/13/2016,2.67,3.67,5,42.4,2,0,10,2,2016,2,276,Saturday
2/14/2016,5.84,7.34,3.8,43.6,5,0,7,4,2016,2,276,Sunday
2/15/2016,5.33,5.33,5.3,52.2,6,0,0,0,2016,2,276,Monday
2/16/2016,7.33,2.32,3,29,3,2,9,3,2016,2,276,Tuesday
2/17/2016,3,5,4,26.6,12,1,1,0,2016,2,276,Wednesday
2/18/2016,2.34,1,4.3,43.85,3,0,9,1,2016,2,276,Thursday
2/19/2016,4,1.67,4,28.7,18,2,26,1,2016,2,276,Friday
2/20/2016,10.33,4.122,4,36.9,5,0,8,3,2016,2,276,Saturday
2/21/2016,6.34,4,0,55.7,5,2,7,4,2016,2,276,Sunday
2/22/2016,3,5.32,3,51.125,10,0,12,4,2016,2,276,Monday
2/23/2016,3,2.33,2.6,41.3,11,0,15,3,2016,2,276,Tuesday
2/24/2016,7.66,2.33,2.1,35,6,2,5,1,2016,2,276,Wednesday
2/25/2016,7.99,3.99,5,41,22,1,4,3,2016,2,276,Thursday
2/26/2016,5,5.848,4.5,28.55,6,2,0,1,2016,2,276,Friday
2/27/2016,8,7,6.6,25.8,3,0,5,2,2016,2,276,Saturday
2/28/2016,8,4.033,10.1,66.5,6,0,26,5,2016,2,276,Sunday
2/29/2016,7,7.66,4,46.2,13,0,3,1,2016,2,276,Monday
3/1/2016,10,4,2.2,31,11,2,0,2,2016,3,276,Tuesday
3/2/2016,3.33,10.396,5.3,21.3,15,2,1,0,2016,3,276,Wednesday
3/3/2016,2.83,2,5,55.8,2,0,9,4,2016,3,276,Thursday
3/4/2016,5,0.99,4.4,26.6,3,0,0,0,2016,3,276,Friday
3/5/2016,5,4.891,8,38,9,0,10,5,2016,3,276,Saturday
3/6/2016,5,8.145,4.9,79.9,2,0,5,7,2016,3,276,Sunday
3/7/2016,5.33,7.34,4,43.5,3,1,6,1,2016,3,276,Monday
3/8/2016,4,6.66,3,44,7,0,3,3,2016,3,276,Tuesday
3/9/2016,4.34,5.67,7,21.8,7,1,6,4,2016,3,276,Wednesday
3/10/2016,6.33,10.33,2,23.4,8,0,2,2,2016,3,276,Thursday
3/11/2016,3.33,4.363,6.2,22,8,0,18,1,2016,3,276,Friday
3/12/2016,3,6.373,1.4,41.8,4,0,23,1,2016,3,276,Saturday
3/13/2016,2.5,4.134,1.5,59.2,4,0,4,0.34,2016,3,276,Sunday
3/14/2016,4.33,3.32,10,35.9,12,0,23,1,2016,3,276,Monday
3/15/2016,5.33,3.32,2,24,7,0,18,3,2016,3,276,Tuesday
3/16/2016,5.33,13.34,5.7,37.4,16,0,4,4,2016,3,276,Wednesday
3/17/2016,5.66,5.396,5,60.2,10,0,8,5,2016,3,276,Thursday
3/18/2016,3.34,5.353,5.2,25.462,15,2,8,3,2016,3,276,Friday
3/19/2016,10.66,8.33,2.8,19.5,6,1,5,5,2016,3,276,Saturday
3/20/2016,7.99,9.693,2.2,42.2,1,0,15,5,2016,3,276,Sunday
3/21/2016,5,8.056,6,45.7,11,0,36,7,2016,3,276,Monday
3/22/2016,2.33,0,5,42.188,12,2,4,2,2016,3,276,Tuesday
3/23/2016,4,3,6,24.25,22,1,0,3,2016,3,276,Wednesday
3/24/2016,6.84,2,3,32,4,0,8,2,2016,3,276,Thursday
3/25/2016,7,7.35,4.2,42.8,8,0,3,3,2016,3,276,Friday
3/26/2016,2.5,0.66,7.5,33.25,4,0,0,5,2016,3,276,Saturday
3/27/2016,7.83,5.449,13.7,63.3,11,1,1,4,2016,3,276,Sunday
3/28/2016,3.34,2.34,1.7,24.6,20,0,4,4.5,2016,3,276,Monday
3/29/2016,5.68,1.33,3.2,36.2,4,0,12,1,2016,3,276,Tuesday
3/30/2016,7.16,2.68,7.4,22.2,3,0,12,5,2016,3,276,Wednesday
3/31/2016,2.33,8.68,2.9,31.25,1,0,5,5,2016,3,276,Thursday
4/1/2016,6.33,3.01,2.7,50.4,4,0,16,10.5,2016,4,276,Friday
4/2/2016,3.67,2,7,32.3,4,0,19,7.4,2016,4,276,Saturday
4/3/2016,9.67,7.396,5.3,73.5,5,0,6,11,2016,4,276,Sunday
4/4/2016,7,5.231,5,21.6,3,1,11,2,2016,4,276,Monday
4/5/2016,6,5.33,4,40.3,5,1,11,12,2016,4,276,Tuesday
4/6/2016,6.66,5.363,2,15.25,7,0,6,3,2016,4,276,Wednesday
4/7/2016,6.33,5.98,4,21,7,2,4,8.2,2016,4,276,Thursday
4/8/2016,7.67,3.66,5,42.3,2,1,3,4.4,2016,4,276,Friday
4/9/2016,9,9.01,3.1,38.8,7,0,14,3,2016,4,276,Saturday
4/10/2016,5,6.67,5.15,21.4,4,1,11,8,2016,4,276,Sunday
4/11/2016,0.33,4.99,3,26,11,2,17,6,2016,4,276,Monday
4/12/2016,4.34,4.65,6,41.6,19,1,2,5,2016,4,276,Tuesday
4/13/2016,6.33,3.066,3,34,22.33333333,0,2,3,2016,4,276,Wednesday
4/14/2016,2.66,2.32,8.5,44.225,9,0,4,6,2016,4,276,Thursday
4/15/2016,4.33,3.056,2.7,23.6,6,0,10,4.2,2016,4,276,Friday
4/16/2016,5.34,6.66,5.3,33,11,0,8,8.5,2016,4,276,Saturday
4/17/2016,4.33,8.175,3,52.8,2,0,7,7.2,2016,4,276,Sunday
4/18/2016,3.66,2,5,22.1,15,3,7,7,2016,4,276,Monday
4/19/2016,3,1.34,8.3,24.3,7,0,6,4,2016,4,276,Tuesday
4/20/2016,2.66,3.33,2.4,17.1,11,5,15,3,2016,4,276,Wednesday
4/21/2016,3,3.464,3,21.6,6,0,0,2.3,2016,4,276,Thursday
4/22/2016,6,5.67,4,21.9,4,0,6,1,2016,4,276,Friday
4/23/2016,13.66,3.69,8,33.2,8,0,0,4.5,2016,4,276,Saturday
4/24/2016,1,6.66,5.5,36.95,3,0,6,5,2016,4,276,Sunday
4/25/2016,6.67,1.66,7.25,21.7,20,1,3,2.5,2016,4,276,Monday
4/26/2016,5.33,4.99,7,27.2,19,0,7,2,2016,4,276,Tuesday
4/27/2016,5.66,7.495,7,47.4,27,0,1,2,2016,4,276,Wednesday
4/28/2016,4.66,6.34,6,28,17.66666667,0,12,12,2016,4,276,Thursday
4/29/2016,6.66,3,2.5,37,15,0,1,3.2,2016,4,276,Friday
4/30/2016,9.66,10.32,7,47.812,11,0,1,4.5,2016,4,276,Saturday
5/1/2016,0,0,0,0,0,0,0,0,2016,5,276,Sunday
5/2/2016,4,1.02,1,39.2,7,0,5,2,2016,5,276,Monday
5/3/2016,6.33,5.99,3,23.9,3,0,0,2,2016,5,276,Tuesday
5/4/2016,7.34,3,5,32.2,4,0,1,2,2016,5,276,Wednesday
5/5/2016,4.66,3,6,41,16,3,1,2,2016,5,276,Thursday
5/6/2016,4,2.99,1,33.6,7,0,1,3,2016,5,276,Friday
5/7/2016,3.99,8.34,4,47.2,5,1,0,10,2016,5,276,Saturday
5/8/2016,5,10.66,1,40.4,12,0,1,11,2016,5,276,Sunday
5/9/2016,5.67,6.363,5,29.2,3,0,2,5,2016,5,276,Monday
5/10/2016,7.33,3.67,7,28.25,4,0,2,3.5,2016,5,276,Tuesday
5/11/2016,5.33,4.66,4,23,13,0,3,2,2016,5,276,Wednesday
5/12/2016,3.01,1.759,8,28.1,8,1,2,0,2016,5,276,Thursday
5/13/2016,2.33,2.33,3,37,9,0,0,5,2016,5,276,Friday
5/14/2016,5.34,4.67,5.55,31.25,13,0,21,1,2016,5,276,Saturday
5/15/2016,5.33,8.188,1.2,44.1,6,0,5,4,2016,5,276,Sunday
5/16/2016,5,3.66,2,24,17,0,2,3,2016,5,276,Monday
5/17/2016,4,2.33,7.1,38.4,4,0,1,3.2,2016,5,276,Tuesday
5/18/2016,4,5.33,5.25,35,7,0,1,5,2016,5,276,Wednesday
5/19/2016,6.34,5.66,2,30.5,10,0,16,3,2016,5,276,Thursday
5/20/2016,3,1.132,3,14,14,2,9,5,2016,5,276,Friday
5/21/2016,2,5.34,5.2,42.5,3,0,17,5,2016,5,276,Saturday
5/22/2016,4.34,4.51,9.05,55.6,6,1,0,10,2016,5,276,Sunday
5/23/2016,5,2.363,5,54.7,19,0,7,4,2016,5,276,Monday
5/24/2016,12,3.167,4,32,3,0,3,2,2016,5,276,Tuesday
5/25/2016,8.34,1.67,6,25.05,16,1,0,1.2,2016,5,276,Wednesday
5/26/2016,4.67,5.33,5.35,24.8,20,1,0,9,2016,5,276,Thursday
5/27/2016,8.67,2.683,5.25,17,14,7,2,6,2016,5,276,Friday
5/28/2016,12.33,0.363,3,43,4,0,4,9,2016,5,276,Saturday
5/29/2016,8.67,4.33,6,31.8,2,1,5,9.2,2016,5,276,Sunday
5/30/2016,3.34,3.023,4.1,29.4,3,0,7,8,2016,5,276,Monday
5/31/2016,6,3.33,3.5,21,3,0,13,2,2016,5,276,Tuesday
6/1/2016,9,1.1,2,20,11,0,7,5,2016,6,276,Wednesday
6/2/2016,2.33,6,1.05,21.25,18,3,4,1,2016,6,276,Thursday
6/3/2016,7.33,3,4,18,8,0,1,7,2016,6,276,Friday
6/4/2016,3.33,3.34,3.3,21,2,0,0,4,2016,6,276,Saturday
6/5/2016,10.34,3.066,4.3,23.4,5,0,3,4,2016,6,276,Sunday
6/6/2016,5.33,2.802,4,26.2,5,0,6,6,2016,6,276,Monday
6/7/2016,6,3.363,4.1,28.5,13,0,10,3,2016,6,276,Tuesday
6/8/2016,8.66,1.33,5.5,45.062,10,0,5,6,2016,6,276,Wednesday
6/9/2016,8.67,4.33,2,20.6,7,0,1,4.2,2016,6,276,Thursday
6/10/2016,8.33,4,4,26,11,2,0,5,2016,6,276,Friday
6/11/2016,10.66,2.825,2,35.6,4,1,10,8,2016,6,276,Saturday
6/12/2016,8.34,7.353,3.4,47,8,0,4,6,2016,6,276,Sunday
6/13/2016,5.66,4.736,1,15,7,0,1,2,2016,6,276,Monday
6/14/2016,2.33,6,6.1,17.4,17,1,2,3,2016,6,276,Tuesday
6/15/2016,5,5.495,7,35,22,1,1,6,2016,6,276,Wednesday
6/16/2016,4,0.33,1,20.5,4,0,22,3,2016,6,276,Thursday
6/17/2016,3.34,3.67,3.65,20,8,0,4,4,2016,6,276,Friday
6/18/2016,2,4.33,6.5,37.5,1,0,5,4,2016,6,276,Saturday
6/19/2016,6.34,6.01,3,40,1,0,7,15,2016,6,276,Sunday
6/20/2016,7.34,3.34,6,22.388,5,0,8,6,2016,6,276,Monday
6/21/2016,7.33,4.66,9,23,15,0,7,5.6,2016,6,276,Tuesday
6/22/2016,2,6.067,2.3,42,6,0,2,2,2016,6,276,Wednesday
6/23/2016,3,0.33,2.3,19,5,0,1,3,2016,6,276,Thursday
6/24/2016,6,2.34,3.05,19,15,0,1,2,2016,6,276,Friday
6/25/2016,5.68,4.99,8,20.25,5,0,1,4,2016,6,276,Saturday
6/26/2016,3,3.845,2,17.4,20,0,2,3,2016,6,276,Sunday
6/27/2016,6,3.067,5.25,24,9,0,9,2,2016,6,276,Monday
6/28/2016,1.33,1.429,2.25,24,20,5,2,7,2016,6,276,Tuesday
6/29/2016,7,8.01,6.5,22,12.5,7,1,2,2016,6,276,Wednesday
6/30/2016,4,3.803,3.2,9,6,0,0,2,2016,6,276,Thursday
7/1/2016,4,2.01,5.5,24,1,0,20,7,2016,7,276,Friday
7/2/2016,4.66,5.132,6,25.4,9,0,2,3,2016,7,276,Saturday
7/3/2016,6.67,4.165,5.4,18.6,4,0,11,5,2016,7,276,Sunday
7/4/2016,8.34,5.34,1.15,14,8,3,7,6,2016,7,276,Monday
7/5/2016,6,4.01,2,19,10,0,0,3,2016,7,276,Tuesday
7/6/2016,9.33,5.726,5,30,5,0,8,4,2016,7,276,Wednesday
7/7/2016,7.34,5.01,1,21,11,1,0,2,2016,7,276,Thursday
7/8/2016,1.34,7.056,9.2,28,12,1,0,4.3,2016,7,276,Friday
7/9/2016,3.33,6,4.5,11,12,0,0,2,2016,7,276,Saturday
7/10/2016,5.66,8.32,4.2,29,6,0,0,3,2016,7,276,Sunday
7/11/2016,6.33,1.703,3,19.312,9,0,4,6.2,2016,7,276,Monday
7/12/2016,5.67,2.67,4,27.2,14,0,3,4,2016,7,276,Tuesday
7/13/2016,6.218333333,7,5,26.4,11,0,3,2,2016,7,276,Wednesday
7/14/2016,2.34,2.363,5,12.4,3,0,3,5,2016,7,276,Thursday
7/15/2016,3,8,2,15,4,0,0,3.33,2016,7,276,Friday
7/16/2016,9.33,6.737,3,23.3,6,0,1,8,2016,7,276,Saturday
7/17/2016,9.01,4.01,3,26.65,3,0,7,4,2016,7,276,Sunday
7/18/2016,6,2.497,8,25.4,2,0,3,4,2016,7,276,Monday
7/19/2016,7.34,1.33,6,19,5,0,1,2,2016,7,276,Tuesday
7/20/2016,10.33,4.66,7.1,25.2,6,0,5,5,2016,7,276,Wednesday
7/21/2016,5.66,5.32,4.1,17,15,0,1,2,2016,7,276,Thursday
7/22/2016,3.33,1.66,7,14,4,0,0,2,2016,7,276,Friday
7/23/2016,4.66,5.49,2.1,15,6,0,0,5,2016,7,276,Saturday
7/24/2016,2.33,4.99,4,32,4,0,0,2,2016,7,276,Sunday
7/25/2016,13,3.33,7,22,9,0,4,4,2016,7,276,Monday
7/26/2016,8.32,2.66,1,10,16,0,0,2,2016,7,276,Tuesday
7/27/2016,3,6.33,4.15,10,4,1,9,2,2016,7,276,Wednesday
7/28/2016,9.67,3.99,4,22.5,12,1,5,3,2016,7,276,Thursday
7/29/2016,9.99,4.51,6,11,17,1,11,2,2016,7,276,Friday
7/30/2016,6.33,3.99,4,37,7,0,1,6,2016,7,276,Saturday
7/31/2016,6,5.01,4.5,22,5,0,0,4,2016,7,276,Sunday
8/1/2016,8.33,1.396,5,14,7.5,1,1,6,2016,8,276,Monday
8/2/2016,8.33,7,5,12,12,0,1,1,2016,8,276,Tuesday
8/3/2016,8,2.98,3.5,21,11,0,13,3,2016,8,276,Wednesday
8/4/2016,8,2.693,2,34.4,12,0,17,4,2016,8,276,Thursday
8/5/2016,10.33,3.42,3.7,21,24,0,24,1.3,2016,8,276,Friday
8/6/2016,3,3.662,5,20,33,0,1,2,2016,8,276,Saturday
8/7/2016,8,4.155,8.2,40.2,12,0,5,3,2016,8,276,Sunday
8/8/2016,8.34,5.99,5.5,15,36,0,1,4,2016,8,276,Monday
8/9/2016,6.33,4.66,7,29,26,1,2,4,2016,8,276,Tuesday
8/10/2016,11.34,2.99,7,24.1,11,0,3,2,2016,8,276,Wednesday
8/11/2016,5.67,3.66,0,25,1,0,0,2,2016,8,276,Thursday
8/12/2016,8.66,5.66,6.1,27.6,6,4,0,2,2016,8,276,Friday
8/13/2016,8,6.737,5,32,2,0,0,5,2016,8,276,Saturday
8/14/2016,5,4.857,4.5,18.21666667,2,0,7,0,2016,8,276,Sunday
8/15/2016,5,2.33,2,21,11,0,0,2,2016,8,276,Monday
8/16/2016,10,4.66,3,14.45,4,0,11,3.5,2016,8,276,Tuesday
8/17/2016,8.66,2.01,4,9.5,7,0,5,5,2016,8,276,Wednesday
8/18/2016,6.99,3.363,4,25.6,7,0,0,1,2016,8,276,Thursday
8/19/2016,1,4.33,0.6,27,12,0,0,4,2016,8,276,Friday
8/20/2016,4.33,2.99,6,26.2,1,0,0,6,2016,8,276,Saturday
8/21/2016,8,3.627,7.4,39,3,4,1,1,2016,8,276,Sunday
8/22/2016,3.34,3.386,0,23.2,3,0,0,6,2016,8,276,Monday
8/23/2016,3,3.066,4,14.7,7,1,0,1.2,2016,8,276,Tuesday
8/24/2016,9.33,3.487,8,11.3,2,0,0,3,2016,8,276,Wednesday
8/25/2016,4.33,2.67,8,19.4,4,1,4,5,2016,8,276,Thursday
8/26/2016,4,2.023,2,20.7,3,0,0,0,2016,8,276,Friday
8/27/2016,8.83,1.736,1,17.51666667,2,0,11,0,2016,8,276,Saturday
8/28/2016,7.33,7.02,6.2,37,3,0,6,2,2016,8,276,Sunday
8/29/2016,9,0.67,2,14.2,4,0,1,1.3,2016,8,276,Monday
8/30/2016,4.66,1.32,2,8.9,4,0,1,0,2016,8,276,Tuesday
8/31/2016,6,5.827,5,23.2,3,0,1,5,2016,8,276,Wednesday
9/1/2016,5,3.66,5,31.4,2,0,0,3,2016,9,276,Thursday
9/2/2016,9.34,4.02,5,10,25,0,5,2,2016,9,276,Friday
9/3/2016,5.33,4.025,6.5,54.2,5,0,4,4,2016,9,276,Saturday
9/4/2016,8.33,4.396,0,30.9,10,0,4,5,2016,9,276,Sunday
9/5/2016,3.32,4.396,2,34.3,8,2,2,4,2016,9,276,Monday
9/6/2016,5,1.33,1,32.8,14,3,0,3,2016,9,276,Tuesday
9/7/2016,2.33,2.19,3,37.6,14,0,0,3,2016,9,276,Wednesday
9/8/2016,6,2.99,4,33,8,1,0,0,2016,9,276,Thursday
9/9/2016,4.99,3.99,3.25,26.124,11,2,10,3,2016,9,276,Friday
9/10/2016,8.33,11.31,10,34,9,0,4,3,2016,9,276,Saturday
9/11/2016,2.66,6.99,7.1,57.2,8,0,10,4,2016,9,276,Sunday
9/12/2016,7,6,4,24,10,0,8,4,2016,9,276,Monday
9/13/2016,7,5.759,4,32,13,0,2,0,2016,9,276,Tuesday
9/14/2016,6,3.792,2.5,24.4,7,0,8,2,2016,9,276,Wednesday
9/15/2016,3,6.628,2,38,31,0,3,1,2016,9,276,Thursday
9/16/2016,2,1.33,4,26.3,17,0,3,0,2016,9,276,Friday
9/17/2016,6.67,3.693,2.4,56,11,0,5,4.1,2016,9,276,Saturday
9/18/2016,5.99,7.32,2,24.45,4,0,8,1,2016,9,276,Sunday
9/19/2016,4,3.396,2.15,31,11,2,0,1,2016,9,276,Monday
9/20/2016,4.67,2.792,3,33.4,14,0,4,1,2016,9,276,Tuesday
9/21/2016,8.34,4.31,3.05,19.7,12,0,3,2,2016,9,276,Wednesday
9/22/2016,6.33,2.33,2.1,29.4,6,0,4,3,2016,9,276,Thursday
9/23/2016,2.33,6.99,6,28.4,13,3,7,1,2016,9,276,Friday
9/24/2016,2,3.779,6.2,61.2,8,0,1,1,2016,9,276,Saturday
9/25/2016,6,4.33,3,61.125,3,0,10,2,2016,9,276,Sunday
9/26/2016,5.99,1,4,57.6,4,2,4,1,2016,9,276,Monday
9/27/2016,7,4.67,7.4,51.7,17,3,1,3,2016,9,276,Tuesday
9/28/2016,13.68,1.802,5.45,64.5,3,0,0,4,2016,9,276,Wednesday
9/29/2016,7.33,2,4,50.6,4,0,1,1.2,2016,9,276,Thursday
9/30/2016,7,5,2.6,23.4,5,0,10,3,2016,9,276,Friday
10/1/2016,7.33,7.65,1.2,54.038,5,0,4,2,2016,10,276,Saturday
10/2/2016,17,4.056,9.7,80.5,6,0,18,3,2016,10,276,Sunday
10/3/2016,3.33,5.33,3,59.662,2,2,17,3,2016,10,276,Monday
10/4/2016,6.33,2.99,6,47.6,8,0,10,2.5,2016,10,276,Tuesday
10/5/2016,4,4,4,78.2,8,0,1,1,2016,10,276,Wednesday
10/6/2016,4.33,3.99,6,44,4,0,3,0,2016,10,276,Thursday
10/7/2016,4.34,4.297,6,47.625,4,0,0,1,2016,10,276,Friday
10/8/2016,7.34,6.33,5,52.7,2,0,6,5,2016,10,276,Saturday
10/9/2016,6.68,5.02,5.5,88.4,2,0,9,1,2016,10,276,Sunday
10/10/2016,2,5.066,5,31.6,1,0,3,1,2016,10,276,Monday
10/11/2016,7.33,2.406,11.65,52.6,54.83333333,1,8,1,2016,10,276,Tuesday
10/12/2016,8.33,2.373,2,45.75,18,1,17,2,2016,10,276,Wednesday
10/13/2016,4.66,4.33,3.2,42.2,20,0,3,2.3,2016,10,276,Thursday
10/14/2016,7,4,3,38.7,22,0,9,1,2016,10,276,Friday
10/15/2016,4,5.97,3.35,47.2,16,1,13,1,2016,10,276,Saturday
10/16/2016,8.33,5.122,10,89.3,3,0,6,5,2016,10,276,Sunday
10/17/2016,2,5,5,50.8,1,0,9,1,2016,10,276,Monday
10/18/2016,3,5.056,9,42.1,9,3,7,3.1,2016,10,276,Tuesday
10/19/2016,4.33,6.66,5,26.7,11,0,2,1,2016,10,276,Wednesday
10/20/2016,1.64,5.66,6,52.5,2,0,2,2,2016,10,276,Thursday
10/21/2016,8.66,3.825,0,40.8,5,0,6,2,2016,10,276,Friday
10/22/2016,7,2.67,4,29.7,3,0,10,4,2016,10,276,Saturday
10/23/2016,12.33,5.78,3.8,51.21666667,10,0,11,2,2016,10,276,Sunday
10/24/2016,2.66,3.023,7.5,37,1,1,2,1,2016,10,276,Monday
10/25/2016,4.33,4.572,5.4,62.4,10,0,7,0,2016,10,276,Tuesday
10/26/2016,2.33,2.397,6,28.4,10,0,2,1,2016,10,276,Wednesday
10/27/2016,6.5,2.023,3,32.2,10,2,4,0,2016,10,276,Thursday
10/28/2016,7,3.78,6,34.4,9,0,5,0,2016,10,276,Friday
10/29/2016,15.33,4.54,6.1,78.5,23,0,9,5,2016,10,276,Saturday
10/30/2016,4.66,10.32,5.75,73.1,5,0,0,2,2016,10,276,Sunday
10/31/2016,2.66,3.82,3,43.8,6,0,17,5,2016,10,276,Monday
11/1/2016,2.33,1.703,4,25.9,18,0,6,3,2016,11,276,Tuesday
11/2/2016,4,3.703,4.1,42.2,1,0,2,3,2016,11,276,Wednesday
11/3/2016,2,1,3,42.5,3,0,0,1,2016,11,276,Thursday
11/4/2016,8.33,4.373,3.6,24.3,14,1,6,4.2,2016,11,276,Friday
11/5/2016,7.666666667,3.02,5.8,35.4,9,0,0,2,2016,11,276,Saturday
11/6/2016,8,4.34,3,42.45,3,2,11,5,2016,11,276,Sunday
11/7/2016,5,2.726,6.3,35,9,0,5,1,2016,11,276,Monday
11/8/2016,7,2.35,8,20,19.16666667,2,8,3,2016,11,276,Tuesday
11/9/2016,2.34,5.66,1.4,25,18,0,4,0,2016,11,276,Wednesday
11/10/2016,7.33,6.33,7,31.1,5,2,12,3.4,2016,11,276,Thursday
11/11/2016,10.66,1.759,4,33,6,0,1,1,2016,11,276,Friday
11/12/2016,8,3.825,7,56.5,10,0,1,1.2,2016,11,276,Saturday
11/13/2016,6,11.32,3.6,60.2,0,0,5,1,2016,11,276,Sunday
11/14/2016,10,4.726,3.8,50.5,5,3,1,1,2016,11,276,Monday
11/15/2016,5.33,0.33,4,30.1,27,5,5,1,2016,11,276,Tuesday
11/16/2016,4,3.167,4,38.912,5,0,10,1,2016,11,276,Wednesday
11/17/2016,5,2.726,5.7,41.4,0,0,1,1.4,2016,11,276,Thursday
11/18/2016,1.33,4.33,6.25,31,7,1,2,2,2016,11,276,Friday
11/19/2016,5,2.7,4,35.4,3,0,3,2,2016,11,276,Saturday
11/20/2016,7,4.34,5,25.5,3,0,0,2,2016,11,276,Sunday
11/21/2016,1.34,3.34,5.25,30,1,0,13,3,2016,11,276,Monday
11/22/2016,4.01,4.703,1.1,23,3,2,7,2,2016,11,276,Tuesday
11/23/2016,3,4.33,3.7,44.124,5,0,0,1,2016,11,276,Wednesday
11/24/2016,8.67,4.333,6,28,2,0,10,3,2016,11,276,Thursday
11/25/2016,7.34,5,7,21,20,4,5,1,2016,11,276,Friday
11/26/2016,3.33,5,4,36,9,3,12,2,2016,11,276,Saturday
11/27/2016,9.33,5.693,3.9,61,5,0,1,0,2016,11,276,Sunday
11/28/2016,4.5,1.363,2.05,23,5,0,12,0,2016,11,276,Monday
11/29/2016,5.68,5.67,3,45.6,6,2,0,0,2016,11,276,Tuesday
11/30/2016,3.33,2.99,4.3,24.6,13,0,7,0,2016,11,276,Wednesday
12/1/2016,4.5,2.363,1.5,55.662,8,0,9,0,2016,12,276,Thursday
12/2/2016,6,1.076,3.2,43,14,0,26,0.2,2016,12,276,Friday
12/3/2016,3.17,2.68,3,43.3,2,0,1,4,2016,12,276,Saturday
12/4/2016,7,9.123,2.9,67,4,0,0,0,2016,12,276,Sunday
12/5/2016,9.5,1.68,4,23,6,1,13,2,2016,12,276,Monday
12/6/2016,6,5.09,4.4,27.2,4,0,20,1,2016,12,276,Tuesday
12/7/2016,4.34,2.726,1.7,47,8,3,7,3,2016,12,276,Wednesday
12/8/2016,5.67,1.67,5,35.7,9,0,2,0,2016,12,276,Thursday
12/9/2016,5.66,1.67,4,35.062,2,0,0,2,2016,12,276,Friday
12/10/2016,7.34,6.33,10.1,45.4,1,0,15,2,2016,12,276,Saturday
12/11/2016,3.34,4.726,8.55,62.062,7,0,14,1,2016,12,276,Sunday
12/12/2016,3.66,2.429,3.1,44.5,28.33333333,3,21,4,2016,12,276,Monday
12/13/2016,1,4,5.1,43.6,0,0,18,0,2016,12,276,Tuesday
12/14/2016,5.83,3.78,5.65,32.2,21,0,10,1.2,2016,12,276,Wednesday
12/15/2016,9.66,3.33,1,22.8,8,0,5,1,2016,12,276,Thursday
12/16/2016,7.33,6.32,2.2,39.775,8,3,23,1,2016,12,276,Friday
12/17/2016,5.99,2.66,4.15,59.95,10,0,6,1,2016,12,276,Saturday
12/18/2016,1.67,5.02,4.2,60.7,13,0,5,1,2016,12,276,Sunday
12/19/2016,0,0,0,0,0,0,0,0,2016,12,276,Monday
12/20/2016,6.33,3.66,4,46,12,2,1,0,2016,12,276,Tuesday
12/21/2016,1.34,2.812,0.25,37,5,0,6,2.5,2016,12,276,Wednesday
12/22/2016,4.34,4.165,3.8,38.4,1,0,5,0,2016,12,276,Thursday
12/23/2016,5.33,4.67,1.15,32,6,0,8,2,2016,12,276,Friday
12/24/2016,6.33,6.7,4.2,82,4,1,2,1,2016,12,276,Saturday
12/25/2016,2.33,7.627,5.7,79.8,0,0,9,1,2016,12,276,Sunday
12/26/2016,10.33,4.66,2,58.924,6,0,2,2,2016,12,276,Monday
12/27/2016,6,5,0.416666667,54.2,8,2,13,0,2016,12,276,Tuesday
12/28/2016,4.34,6.33,6.45,57.2,7,0,13,0,2016,12,276,Wednesday
12/29/2016,11,6.01,6.35,81.2,4,3,6,2,2016,12,276,Thursday
12/30/2016,5.66,8.99,7.3,161,13,0,3,0,2016,12,276,Friday
12/31/2016,8.33,7.759,7.45,108.7,7,0,12,0,2016,12,276,Saturday
,,,,,,,,,,,,
,,,,,,,,,,,,
,,,,,,,,,,,,
,,,,,,,,,,,,
,,,,,,,,,,,,
,,,,,,,,,,,,
,,,,,,,,,,,,
,,,,,,,,,,,,
,,,,,,,,,,,,
,,,,,,,,,,,,
,,,,,,,,,,,,
,,,,,,,,,,,,
,,,,,,,,,,,,
,,,,,,,,,,,,
,,,,,,,,,,,,
,,,,,,,,,,,,
,,,,,,,,,,,,
,,,,,,,,,,,,
,,,,,,,,,,,,
,,,,,,,,,,,,
,,,,,,,,,,,,
,,,,,,,,,,,,
,,,,,,,,,,,,
,,,,,,,,,,,,
,,,,,,,,,,,,
,,,,,,,,,,,,
,,,,,,,,,,,,
,,,,,,,,,,,,
,,,,,,,,,,,,
,,,,,,,,,,,,
,,,,,,,,,,,,
,,,,,,,,,,,,
,,,,,,,,,,,,
,,,,,,,,,,,,
,,,,,,,,,,,,
,,,,,,,,,,,,
,,,,,,,,,,,,
,,,,,,,,,,,,
,,,,,,,,,,,,
,,,,,,,,,,,,
,,,,,,,,,,,,
,,,,,,,,,,,,
,,,,,,,,,,,,
,,,,,,,,,,,,
,,,,,,,,,,,,
,,,,,,,,,,,,
,,,,,,,,,,,,
,,,,,,,,,,,,
,,,,,,,,,,,,
,,,,,,,,,,,,
,,,,,,,,,,,,
,,,,,,,,,,,,
,,,,,,,,,,,,
,,,,,,,,,,,,
,,,,,,,,,,,,
,,,,,,,,,,,,
,,,,,,,,,,,,
,,,,,,,,,,,,
,,,,,,,,,,,,
,,,,,,,,,,,,
,,,,,,,,,,,,
,,,,,,,,,,,,
,,,,,,,,,,,,
,,,,,,,,,,,,
,,,,,,,,,,,,
,,,,,,,,,,,,
,,,,,,,,,,,,
,,,,,,,,,,,,
,,,,,,,,,,,,
,,,,,,,,,,,,
,,,,,,,,,,,,
,,,,,,,,,,,,
,,,,,,,,,,,,
,,,,,,,,,,,,
,,,,,,,,,,,,
,,,,,,,,,,,,
,,,,,,,,,,,,
,,,,,,,,,,,,
,,,,,,,,,,,,
,,,,,,,,,,,,
,,,,,,,,,,,,
,,,,,,,,,,,,
,,,,,,,,,,,,
,,,,,,,,,,,,
,,,,,,,,,,,,
,,,,,,,,,,,,
,,,,,,,,,,,,
,,,,,,,,,,,,
,,,,,,,,,,,,
,,,,,,,,,,,,
,,,,,,,,,,,,
,,,,,,,,,,,,
,,,,,,,,,,,,
,,,,,,,,,,,,
,,,,,,,,,,,,
,,,,,,,,,,,,
,,,,,,,,,,,,
,,,,,,,,,,,,
,,,,,,,,,,,,
,,,,,,,,,,,,
,,,,,,,,,,,,
,,,,,,,,,,,,
,,,,,,,,,,,,
,,,,,,,,,,,,
,,,,,,,,,,,,
,,,,,,,,,,,,
,,,,,,,,,,,,
,,,,,,,,,,,,
,,,,,,,,,,,,
,,,,,,,,,,,,
,,,,,,,,,,,,
,,,,,,,,,,,,
,,,,,,,,,,,,
,,,,,,,,,,,,
,,,,,,,,,,,,
,,,,,,,,,,,,
,,,,,,,,,,,,
,,,,,,,,,,,,
,,,,,,,,,,,,
,,,,,,,,,,,,
,,,,,,,,,,,,
,,,,,,,,,,,,
,,,,,,,,,,,,
,,,,,,,,,,,,
,,,,,,,,,,,,
,,,,,,,,,,,,
,,,,,,,,,,,,
,,,,,,,,,,,,
,,,,,,,,,,,,
,,,,,,,,,,,,
,,,,,,,,,,,,
,,,,,,,,,,,,
,,,,,,,,,,,,
,,,,,,,,,,,,
,,,,,,,,,,,,
,,,,,,,,,,,,
,,,,,,,,,,,,
,,,,,,,,,,,,
,,,,,,,,,,,,
,,,,,,,,,,,,
,,,,,,,,,,,,
,,,,,,,,,,,,
,,,,,,,,,,,,
,,,,,,,,,,,,
,,,,,,,,,,,,
,,,,,,,,,,,,
,,,,,,,,,,,,
,,,,,,,,,,,,
,,,,,,,,,,,,
,,,,,,,,,,,,
,,,,,,,,,,,,
,,,,,,,,,,,,
,,,,,,,,,,,,
,,,,,,,,,,,,
,,,,,,,,,,,,
,,,,,,,,,,,,
,,,,,,,,,,,,
,,,,,,,,,,,,
,,,,,,,,,,,,
,,,,,,,,,,,,
,,,,,,,,,,,,
,,,,,,,,,,,,
,,,,,,,,,,,,
,,,,,,,,,,,,
,,,,,,,,,,,,
,,,,,,,,,,,,
,,,,,,,,,,,,
,,,,,,,,,,,,
,,,,,,,,,,,,
,,,,,,,,,,,,
,,,,,,,,,,,,
,,,,,,,,,,,,
,,,,,,,,,,,,
,,,,,,,,,,,,
,,,,,,,,,,,,
,,,,,,,,,,,,
,,,,,,,,,,,,
,,,,,,,,,,,,
,,,,,,,,,,,,
,,,,,,,,,,,,
,,,,,,,,,,,,
,,,,,,,,,,,,
,,,,,,,,,,,,
,,,,,,,,,,,,
,,,,,,,,,,,,
,,,,,,,,,,,,
,,,,,,,,,,,,
,,,,,,,,,,,,
,,,,,,,,,,,,
,,,,,,,,,,,,
,,,,,,,,,,,,
,,,,,,,,,,,,
,,,,,,,,,,,,
,,,,,,,,,,,,
,,,,,,,,,,,,
,,,,,,,,,,,,
,,,,,,,,,,,,
,,,,,,,,,,,,
,,,,,,,,,,,,
,,,,,,,,,,,,
,,,,,,,,,,,,
,,,,,,,,,,,,
,,,,,,,,,,,,
,,,,,,,,,,,,
,,,,,,,,,,,,
,,,,,,,,,,,,
,,,,,,,,,,,,
,,,,,,,,,,,,
,,,,,,,,,,,,
,,,,,,,,,,,,
,,,,,,,,,,,,
,,,,,,,,,,,,
,,,,,,,,,,,,
,,,,,,,,,,,,
,,,,,,,,,,,,
,,,,,,,,,,,,
,,,,,,,,,,,,
,,,,,,,,,,,,
,,,,,,,,,,,,
,,,,,,,,,,,,
,,,,,,,,,,,,
,,,,,,,,,,,,
,,,,,,,,,,,,
,,,,,,,,,,,,
,,,,,,,,,,,,
,,,,,,,,,,,,
,,,,,,,,,,,,
,,,,,,,,,,,,
,,,,,,,,,,,,
,,,,,,,,,,,,
,,,,,,,,,,,,
,,,,,,,,,,,,
,,,,,,,,,,,,
,,,,,,,,,,,,
,,,,,,,,,,,,
,,,,,,,,,,,,
,,,,,,,,,,,,
,,,,,,,,,,,,
,,,,,,,,,,,,
,,,,,,,,,,,,
,,,,,,,,,,,,
,,,,,,,,,,,,
,,,,,,,,,,,,
,,,,,,,,,,,,
,,,,,,,,,,,,
,,,,,,,,,,,,
,,,,,,,,,,,,
,,,,,,,,,,,,
,,,,,,,,,,,,
,,,,,,,,,,,,
,,,,,,,,,,,,
,,,,,,,,,,,,
,,,,,,,,,,,,
,,,,,,,,,,,,
,,,,,,,,,,,,
,,,,,,,,,,,,
,,,,,,,,,,,,
,,,,,,,,,,,,
,,,,,,,,,,,,
,,,,,,,,,,,,
,,,,,,,,,,,,
,,,,,,,,,,,,
,,,,,,,,,,,,
,,,,,,,,,,,,
,,,,,,,,,,,,
,,,,,,,,,,,,
,,,,,,,,,,,,
,,,,,,,,,,,,
,,,,,,,,,,,,
,,,,,,,,,,,,
,,,,,,,,,,,,
,,,,,,,,,,,,
,,,,,,,,,,,,
,,,,,,,,,,,,
,,,,,,,,,,,,
,,,,,,,,,,,,
,,,,,,,,,,,,
,,,,,,,,,,,,
,,,,,,,,,,,,
,,,,,,,,,,,,
,,,,,,,,,,,,
,,,,,,,,,,,,
,,,,,,,,,,,,
,,,,,,,,,,,,
,,,,,,,,,,,,
,,,,,,,,,,,,
,,,,,,,,,,,,
,,,,,,,,,,,,
,,,,,,,,,,,,
,,,,,,,,,,,,
,,,,,,,,,,,,
,,,,,,,,,,,,
,,,,,,,,,,,,
,,,,,,,,,,,,
,,,,,,,,,,,,
,,,,,,,,,,,,
,,,,,,,,,,,,
,,,,,,,,,,,,
,,,,,,,,,,,,
,,,,,,,,,,,,
,,,,,,,,,,,,
,,,,,,,,,,,,
,,,,,,,,,,,,
,,,,,,,,,,,,
,,,,,,,,,,,,
,,,,,,,,,,,,
,,,,,,,,,,,,
,,,,,,,,,,,,
,,,,,,,,,,,,
,,,,,,,,,,,,
,,,,,,,,,,,,
,,,,,,,,,,,,
,,,,,,,,,,,,
,,,,,,,,,,,,
,,,,,,,,,,,,
,,,,,,,,,,,,
,,,,,,,,,,,,
,,,,,,,,,,,,
,,,,,,,,,,,,
,,,,,,,,,,,,
,,,,,,,,,,,,
,,,,,,,,,,,,
,,,,,,,,,,,,
,,,,,,,,,,,,
,,,,,,,,,,,,
,,,,,,,,,,,,
,,,,,,,,,,,,
,,,,,,,,,,,,
,,,,,,,,,,,,
,,,,,,,,,,,,
,,,,,,,,,,,,
,,,,,,,,,,,,
,,,,,,,,,,,,
,,,,,,,,,,,,
,,,,,,,,,,,,
,,,,,,,,,,,,
,,,,,,,,,,,,
,,,,,,,,,,,,
,,,,,,,,,,,,
,,,,,,,,,,,,
,,,,,,,,,,,,
,,,,,,,,,,,,
,,,,,,,,,,,,
,,,,,,,,,,,,
,,,,,,,,,,,,
,,,,,,,,,,,,
,,,,,,,,,,,,
,,,,,,,,,,,,
,,,,,,,,,,,,
,,,,,,,,,,,,
,,,,,,,,,,,,
,,,,,,,,,,,,
,,,,,,,,,,,,
,,,,,,,,,,,,
,,,,,,,,,,,,
,,,,,,,,,,,,
,,,,,,,,,,,,
,,,,,,,,,,,,
,,,,,,,,,,,,
,,,,,,,,,,,,
,,,,,,,,,,,,
,,,,,,,,,,,,
,,,,,,,,,,,,
,,,,,,,,,,,,
,,,,,,,,,,,,
,,,,,,,,,,,,
,,,,,,,,,,,,
,,,,,,,,,,,,
,,,,,,,,,,,,
,,,,,,,,,,,,
,,,,,,,,,,,,
,,,,,,,,,,,,
,,,,,,,,,,,,
,,,,,,,,,,,,
,,,,,,,,,,,,
,,,,,,,,,,,,
,,,,,,,,,,,,
,,,,,,,,,,,,
,,,,,,,,,,,,
,,,,,,,,,,,,
,,,,,,,,,,,,
,,,,,,,,,,,,
,,,,,,,,,,,,
,,,,,,,,,,,,
,,,,,,,,,,,,
,,,,,,,,,,,,
,,,,,,,,,,,,
,,,,,,,,,,,,
,,,,,,,,,,,,
,,,,,,,,,,,,
,,,,,,,,,,,,
,,,,,,,,,,,,
,,,,,,,,,,,,
,,,,,,,,,,,,
,,,,,,,,,,,,
,,,,,,,,,,,,
,,,,,,,,,,,,
,,,,,,,,,,,,
,,,,,,,,,,,,
,,,,,,,,,,,,
,,,,,,,,,,,,
,,,,,,,,,,,,
,,,,,,,,,,,,
,,,,,,,,,,,,
,,,,,,,,,,,,
,,,,,,,,,,,,
,,,,,,,,,,,,
,,,,,,,,,,,,
,,,,,,,,,,,,
,,,,,,,,,,,,
,,,,,,,,,,,,
,,,,,,,,,,,,
,,,,,,,,,,,,
,,,,,,,,,,,,
,,,,,,,,,,,,
,,,,,,,,,,,,
,,,,,,,,,,,,
,,,,,,,,,,,,
,,,,,,,,,,,,
,,,,,,,,,,,,
,,,,,,,,,,,,
,,,,,,,,,,,,
,,,,,,,,,,,,
,,,,,,,,,,,,
,,,,,,,,,,,,
,,,,,,,,,,,,
,,,,,,,,,,,,
,,,,,,,,,,,,
,,,,,,,,,,,,
,,,,,,,,,,,,
,,,,,,,,,,,,
,,,,,,,,,,,,
,,,,,,,,,,,,
,,,,,,,,,,,,
,,,,,,,,,,,,
,,,,,,,,,,,,
,,,,,,,,,,,,
,,,,,,,,,,,,
,,,,,,,,,,,,
,,,,,,,,,,,,
,,,,,,,,,,,,
,,,,,,,,,,,,
,,,,,,,,,,,,
,,,,,,,,,,,,
,,,,,,,,,,,,
,,,,,,,,,,,,
,,,,,,,,,,,,
,,,,,,,,,,,,
,,,,,,,,,,,,
,,,,,,,,,,,,
,,,,,,,,,,,,
,,,,,,,,,,,,
,,,,,,,,,,,,
,,,,,,,,,,,,
,,,,,,,,,,,,
,,,,,,,,,,,,
,,,,,,,,,,,,
,,,,,,,,,,,,
,,,,,,,,,,,,
,,,,,,,,,,,,
,,,,,,,,,,,,
,,,,,,,,,,,,
,,,,,,,,,,,,
,,,,,,,,,,,,
,,,,,,,,,,,,
,,,,,,,,,,,,
,,,,,,,,,,,,
,,,,,,,,,,,,
,,,,,,,,,,,,
,,,,,,,,,,,,
,,,,,,,,,,,,
,,,,,,,,,,,,
,,,,,,,,,,,,
,,,,,,,,,,,,
,,,,,,,,,,,,
,,,,,,,,,,,,
,,,,,,,,,,,,
,,,,,,,,,,,,
,,,,,,,,,,,,
,,,,,,,,,,,,
,,,,,,,,,,,,
,,,,,,,,,,,,
,,,,,,,,,,,,
,,,,,,,,,,,,
,,,,,,,,,,,,
,,,,,,,,,,,,
,,,,,,,,,,,,
,,,,,,,,,,,,
,,,,,,,,,,,,
,,,,,,,,,,,,
,,,,,,,,,,,,
,,,,,,,,,,,,
,,,,,,,,,,,,
,,,,,,,,,,,,
,,,,,,,,,,,,
,,,,,,,,,,,,
,,,,,,,,,,,,
,,,,,,,,,,,,
,,,,,,,,,,,,
,,,,,,,,,,,,
,,,,,,,,,,,,
,,,,,,,,,,,,
,,,,,,,,,,,,
,,,,,,,,,,,,
,,,,,,,,,,,,
,,,,,,,,,,,,
,,,,,,,,,,,,
,,,,,,,,,,,,
,,,,,,,,,,,,
,,,,,,,,,,,,
,,,,,,,,,,,,
,,,,,,,,,,,,
,,,,,,,,,,,,
,,,,,,,,,,,,
,,,,,,,,,,,,
,,,,,,,,,,,,
,,,,,,,,,,,,
,,,,,,,,,,,,
,,,,,,,,,,,,
,,,,,,,,,,,,
,,,,,,,,,,,,
,,,,,,,,,,,,
,,,,,,,,,,,,
,,,,,,,,,,,,
,,,,,,,,,,,,
,,,,,,,,,,,,
,,,,,,,,,,,,
,,,,,,,,,,,,
,,,,,,,,,,,,
,,,,,,,,,,,,
,,,,,,,,,,,,
,,,,,,,,,,,,
,,,,,,,,,,,,
,,,,,,,,,,,,
,,,,,,,,,,,,
,,,,,,,,,,,,
,,,,,,,,,,,,
,,,,,,,,,,,,
,,,,,,,,,,,,
,,,,,,,,,,,,
,,,,,,,,,,,,
,,,,,,,,,,,,
,,,,,,,,,,,,
,,,,,,,,,,,,
,,,,,,,,,,,,
,,,,,,,,,,,,
,,,,,,,,,,,,
,,,,,,,,,,,,
,,,,,,,,,,,,
,,,,,,,,,,,,
,,,,,,,,,,,,
,,,,,,,,,,,,
,,,,,,,,,,,,
,,,,,,,,,,,,
,,,,,,,,,,,,
,,,,,,,,,,,,
,,,,,,,,,,,,
,,,,,,,,,,,,
,,,,,,,,,,,,
,,,,,,,,,,,,
,,,,,,,,,,,,
,,,,,,,,,,,,
,,,,,,,,,,,,
,,,,,,,,,,,,
,,,,,,,,,,,,
,,,,,,,,,,,,
,,,,,,,,,,,,
,,,,,,,,,,,,
,,,,,,,,,,,,
,,,,,,,,,,,,
,,,,,,,,,,,,
,,,,,,,,,,,,
,,,,,,,,,,,,
,,,,,,,,,,,,
,,,,,,,,,,,,
,,,,,,,,,,,,
,,,,,,,,,,,,
,,,,,,,,,,,,
,,,,,,,,,,,,
,,,,,,,,,,,,
,,,,,,,,,,,,
,,,,,,,,,,,,
,,,,,,,,,,,,
,,,,,,,,,,,,
,,,,,,,,,,,,
,,,,,,,,,,,,
,,,,,,,,,,,,
,,,,,,,,,,,,
,,,,,,,,,,,,
,,,,,,,,,,,,
,,,,,,,,,,,,
,,,,,,,,,,,,
,,,,,,,,,,,,
,,,,,,,,,,,,
,,,,,,,,,,,,
,,,,,,,,,,,,
,,,,,,,,,,,,
,,,,,,,,,,,,
,,,,,,,,,,,,
,,,,,,,,,,,,
,,,,,,,,,,,,
,,,,,,,,,,,,
,,,,,,,,,,,,
,,,,,,,,,,,,
,,,,,,,,,,,,
,,,,,,,,,,,,
,,,,,,,,,,,,
,,,,,,,,,,,,
,,,,,,,,,,,,
,,,,,,,,,,,,
,,,,,,,,,,,,
,,,,,,,,,,,,
,,,,,,,,,,,,
,,,,,,,,,,,,
,,,,,,,,,,,,
,,,,,,,,,,,,
,,,,,,,,,,,,
,,,,,,,,,,,,
,,,,,,,,,,,,
,,,,,,,,,,,,
,,,,,,,,,,,,
,,,,,,,,,,,,
,,,,,,,,,,,,
,,,,,,,,,,,,
,,,,,,,,,,,,
,,,,,,,,,,,,
,,,,,,,,,,,,
,,,,,,,,,,,,
,,,,,,,,,,,,
,,,,,,,,,,,,
,,,,,,,,,,,,
,,,,,,,,,,,,
,,,,,,,,,,,,
,,,,,,,,,,,,
,,,,,,,,,,,,
,,,,,,,,,,,,
,,,,,,,,,,,,
,,,,,,,,,,,,
,,,,,,,,,,,,
,,,,,,,,,,,,
,,,,,,,,,,,,
,,,,,,,,,,,,
,,,,,,,,,,,,
,,,,,,,,,,,,
,,,,,,,,,,,,
,,,,,,,,,,,,
,,,,,,,,,,,,
,,,,,,,,,,,,
,,,,,,,,,,,,
,,,,,,,,,,,,
,,,,,,,,,,,,
,,,,,,,,,,,,
,,,,,,,,,,,,
,,,,,,,,,,,,
,,,,,,,,,,,,
,,,,,,,,,,,,
,,,,,,,,,,,,
,,,,,,,,,,,,
,,,,,,,,,,,,
,,,,,,,,,,,,
,,,,,,,,,,,,
,,,,,,,,,,,,
,,,,,,,,,,,,
,,,,,,,,,,,,
,,,,,,,,,,,,
,,,,,,,,,,,,
,,,,,,,,,,,,
,,,,,,,,,,,,
,,,,,,,,,,,,
,,,,,,,,,,,,
,,,,,,,,,,,,
,,,,,,,,,,,,
,,,,,,,,,,,,
,,,,,,,,,,,,
,,,,,,,,,,,,
,,,,,,,,,,,,
,,,,,,,,,,,,
,,,,,,,,,,,,
,,,,,,,,,,,,
,,,,,,,,,,,,
,,,,,,,,,,,,
,,,,,,,,,,,,
,,,,,,,,,,,,
,,,,,,,,,,,,
,,,,,,,,,,,,
,,,,,,,,,,,,
,,,,,,,,,,,,
,,,,,,,,,,,,
,,,,,,,,,,,,
,,,,,,,,,,,,
,,,,,,,,,,,,
,,,,,,,,,,,,
,,,,,,,,,,,,
,,,,,,,,,,,,
,,,,,,,,,,,,
,,,,,,,,,,,,
,,,,,,,,,,,,
,,,,,,,,,,,,
,,,,,,,,,,,,
,,,,,,,,,,,,
,,,,,,,,,,,,
,,,,,,,,,,,,
,,,,,,,,,,,,
,,,,,,,,,,,,
,,,,,,,,,,,,
,,,,,,,,,,,,
,,,,,,,,,,,,
,,,,,,,,,,,,
,,,,,,,,,,,,
,,,,,,,,,,,,
,,,,,,,,,,,,
,,,,,,,,,,,,
,,,,,,,,,,,,
,,,,,,,,,,,,
,,,,,,,,,,,,
,,,,,,,,,,,,
,,,,,,,,,,,,
,,,,,,,,,,,,
,,,,,,,,,,,,
,,,,,,,,,,,,
,,,,,,,,,,,,
,,,,,,,,,,,,
,,,,,,,,,,,,
,,,,,,,,,,,,
,,,,,,,,,,,,
,,,,,,,,,,,,
,,,,,,,,,,,,
,,,,,,,,,,,,
,,,,,,,,,,,,
,,,,,,,,,,,,
,,,,,,,,,,,,
,,,,,,,,,,,,
,,,,,,,,,,,,
,,,,,,,,,,,,
,,,,,,,,,,,,
,,,,,,,,,,,,
,,,,,,,,,,,,
,,,,,,,,,,,,
,,,,,,,,,,,,
,,,,,,,,,,,,
,,,,,,,,,,,,
,,,,,,,,,,,,
,,,,,,,,,,,,
,,,,,,,,,,,,
,,,,,,,,,,,,
,,,,,,,,,,,,
,,,,,,,,,,,,
,,,,,,,,,,,,
,,,,,,,,,,,,
,,,,,,,,,,,,
,,,,,,,,,,,,
,,,,,,,,,,,,
,,,,,,,,,,,,
,,,,,,,,,,,,
,,,,,,,,,,,,
,,,,,,,,,,,,
,,,,,,,,,,,,
,,,,,,,,,,,,
,,,,,,,,,,,,
,,,,,,,,,,,,
,,,,,,,,,,,,
,,,,,,,,,,,,
,,,,,,,,,,,,
,,,,,,,,,,,,
,,,,,,,,,,,,
,,,,,,,,,,,,
,,,,,,,,,,,,
,,,,,,,,,,,,
,,,,,,,,,,,,
,,,,,,,,,,,,
,,,,,,,,,,,,
,,,,,,,,,,,,
,,,,,,,,,,,,
,,,,,,,,,,,,
,,,,,,,,,,,,
,,,,,,,,,,,,
,,,,,,,,,,,,
,,,,,,,,,,,,
,,,,,,,,,,,,
,,,,,,,,,,,,
,,,,,,,,,,,,
,,,,,,,,,,,,
,,,,,,,,,,,,
,,,,,,,,,,,,
,,,,,,,,,,,,
,,,,,,,,,,,,
,,,,,,,,,,,,
,,,,,,,,,,,,
,,,,,,,,,,,,
,,,,,,,,,,,,
,,,,,,,,,,,,
,,,,,,,,,,,,
,,,,,,,,,,,,
,,,,,,,,,,,,
,,,,,,,,,,,,
,,,,,,,,,,,,
,,,,,,,,,,,,
,,,,,,,,,,,,
,,,,,,,,,,,,
,,,,,,,,,,,,
,,,,,,,,,,,,
,,,,,,,,,,,,
,,,,,,,,,,,,
,,,,,,,,,,,,
,,,,,,,,,,,,
,,,,,,,,,,,,
,,,,,,,,,,,,
,,,,,,,,,,,,
,,,,,,,,,,,,
,,,,,,,,,,,,
,,,,,,,,,,,,
,,,,,,,,,,,,
,,,,,,,,,,,,
,,,,,,,,,,,,
,,,,,,,,,,,,
,,,,,,,,,,,,
,,,,,,,,,,,,
,,,,,,,,,,,,
,,,,,,,,,,,,
,,,,,,,,,,,,
,,,,,,,,,,,,
,,,,,,,,,,,,
,,,,,,,,,,,,
,,,,,,,,,,,,
,,,,,,,,,,,,
,,,,,,,,,,,,
,,,,,,,,,,,,
,,,,,,,,,,,,
,,,,,,,,,,,,
,,,,,,,,,,,,
,,,,,,,,,,,,
,,,,,,,,,,,,
,,,,,,,,,,,,
,,,,,,,,,,,,
,,,,,,,,,,,,
,,,,,,,,,,,,
,,,,,,,,,,,,
,,,,,,,,,,,,
,,,,,,,,,,,,
,,,,,,,,,,,,
,,,,,,,,,,,,
,,,,,,,,,,,,
,,,,,,,,,,,,
,,,,,,,,,,,,
,,,,,,,,,,,,
,,,,,,,,,,,,
,,,,,,,,,,,,
,,,,,,,,,,,,
,,,,,,,,,,,,
,,,,,,,,,,,,
,,,,,,,,,,,,
,,,,,,,,,,,,
,,,,,,,,,,,,
,,,,,,,,,,,,
,,,,,,,,,,,,
,,,,,,,,,,,,
,,,,,,,,,,,,
,,,,,,,,,,,,
,,,,,,,,,,,,
,,,,,,,,,,,,
,,,,,,,,,,,,
,,,,,,,,,,,,
,,,,,,,,,,,,
,,,,,,,,,,,,
,,,,,,,,,,,,
,,,,,,,,,,,,
,,,,,,,,,,,,
,,,,,,,,,,,,
,,,,,,,,,,,,
,,,,,,,,,,,,
,,,,,,,,,,,,
,,,,,,,,,,,,
,,,,,,,,,,,,
,,,,,,,,,,,,
,,,,,,,,,,,,
,,,,,,,,,,,,
,,,,,,,,,,,,
,,,,,,,,,,,,
,,,,,,,,,,,,
,,,,,,,,,,,,
,,,,,,,,,,,,
,,,,,,,,,,,,
,,,,,,,,,,,,
,,,,,,,,,,,,
,,,,,,,,,,,,
,,,,,,,,,,,,
,,,,,,,,,,,,
,,,,,,,,,,,,
,,,,,,,,,,,,
,,,,,,,,,,,,
,,,,,,,,,,,,
,,,,,,,,,,,,
,,,,,,,,,,,,
,,,,,,,,,,,,
,,,,,,,,,,,,
,,,,,,,,,,,,
,,,,,,,,,,,,
,,,,,,,,,,,,
,,,,,,,,,,,,
,,,,,,,,,,,,
,,,,,,,,,,,,
,,,,,,,,,,,,
,,,,,,,,,,,,
,,,,,,,,,,,,
,,,,,,,,,,,,
,,,,,,,,,,,,
,,,,,,,,,,,,
,,,,,,,,,,,,
,,,,,,,,,,,,
,,,,,,,,,,,,
,,,,,,,,,,,,
,,,,,,,,,,,,
,,,,,,,,,,,,
,,,,,,,,,,,,
,,,,,,,,,,,,
,,,,,,,,,,,,
,,,,,,,,,,,,
,,,,,,,,,,,,
,,,,,,,,,,,,
,,,,,,,,,,,,
,,,,,,,,,,,,
,,,,,,,,,,,,
,,,,,,,,,,,,
,,,,,,,,,,,,
,,,,,,,,,,,,
,,,,,,,,,,,,
,,,,,,,,,,,,
,,,,,,,,,,,,
,,,,,,,,,,,,
,,,,,,,,,,,,
,,,,,,,,,,,,
,,,,,,,,,,,,
,,,,,,,,,,,,
,,,,,,,,,,,,
,,,,,,,,,,,,
,,,,,,,,,,,,
,,,,,,,,,,,,
,,,,,,,,,,,,
,,,,,,,,,,,,
,,,,,,,,,,,,
,,,,,,,,,,,,
,,,,,,,,,,,,
,,,,,,,,,,,,
,,,,,,,,,,,,
,,,,,,,,,,,,
,,,,,,,,,,,,
,,,,,,,,,,,,
,,,,,,,,,,,,
,,,,,,,,,,,,
,,,,,,,,,,,,
,,,,,,,,,,,,
,,,,,,,,,,,,
,,,,,,,,,,,,
,,,,,,,,,,,,
,,,,,,,,,,,,
,,,,,,,,,,,,
,,,,,,,,,,,,
,,,,,,,,,,,,
,,,,,,,,,,,,
,,,,,,,,,,,,
,,,,,,,,,,,,
,,,,,,,,,,,,
,,,,,,,,,,,,
,,,,,,,,,,,,
,,,,,,,,,,,,
,,,,,,,,,,,,
,,,,,,,,,,,,
,,,,,,,,,,,,
,,,,,,,,,,,,
,,,,,,,,,,,,
,,,,,,,,,,,,
,,,,,,,,,,,,
,,,,,,,,,,,,
,,,,,,,,,,,,
,,,,,,,,,,,,
,,,,,,,,,,,,
,,,,,,,,,,,,
,,,,,,,,,,,,
,,,,,,,,,,,,
,,,,,,,,,,,,
,,,,,,,,,,,,
,,,,,,,,,,,,
,,,,,,,,,,,,
,,,,,,,,,,,,
,,,,,,,,,,,,
,,,,,,,,,,,,
,,,,,,,,,,,,
,,,,,,,,,,,,
,,,,,,,,,,,,
,,,,,,,,,,,,
,,,,,,,,,,,,
,,,,,,,,,,,,
,,,,,,,,,,,,
,,,,,,,,,,,,
,,,,,,,,,,,,
,,,,,,,,,,,,
,,,,,,,,,,,,
,,,,,,,,,,,,
,,,,,,,,,,,,
,,,,,,,,,,,,
,,,,,,,,,,,,
,,,,,,,,,,,,
,,,,,,,,,,,,
,,,,,,,,,,,,
,,,,,,,,,,,,
,,,,,,,,,,,,
,,,,,,,,,,,,
,,,,,,,,,,,,
,,,,,,,,,,,,
,,,,,,,,,,,,
,,,,,,,,,,,,
